Kind,Name,AvgCountLine,AvgCountLineBlank,AvgCountLineCode,AvgCountLineComment,AvgCyclomatic,CCViolDensityCode,CCViolDensityLine,CountCCViol,CountCCViolType,CountClassBase,CountClassCoupled,CountClassCoupledModified,CountClassDerived,CountDeclClass,CountDeclClassMethod,CountDeclClassVariable,CountDeclExecutableUnit,CountDeclFile,CountDeclFunction,CountDeclInstanceMethod,CountDeclInstanceVariable,CountDeclMethod,CountDeclMethodAll,CountDeclMethodDefault,CountDeclMethodPrivate,CountDeclMethodProtected,CountDeclMethodPublic,CountInput,CountLine,CountLineBlank,CountLineCode,CountLineCodeDecl,CountLineCodeExe,CountLineComment,CountOutput,CountSemicolon,CountStmt,CountStmtDecl,CountStmtExe,Cyclomatic,MaxCyclomatic,MaxInheritanceTree,MaxNesting,PercentLackOfCohesion,PercentLackOfCohesionModified,RatioCommentToCode,SumCyclomatic
Package,"Bean",7,0,4,3,1,,,,,,,,,8,0,0,,8,,126,51,126,,0,0,0,126,,1072,84,597,200,257,392,,298,432,197,235,,1,,0,,,0.66,126
Public Class,"Bean.Accesso",8,0,3,4,1,,,,,1,1,1,0,,0,0,,,,9,3,9,9,0,0,0,9,,79,2,35,13,13,42,,16,26,13,13,,1,1,0,44,44,1.20,9
Public Constructor,"Bean.Accesso.Accesso",,,,,,0.00,0.00,0,0,,,,,,,,,,,,,,,,,,,0,8,0,5,1,3,3,4,3,4,1,3,1,,,0,,,0.60,1
Public Constructor,"Bean.Accesso.Accesso",,,,,,0.00,0.00,0,0,,,,,,,,,,,,,,,,,,,11,11,0,5,1,3,6,4,3,4,1,3,1,,,0,,,1.20,1
Public Method,"Bean.Accesso.getLogin",,,,,,0.00,0.00,0,0,,,,,,,,,,,,,,,,,,,6,7,0,3,1,1,4,1,1,2,1,1,1,,,0,,,1.33,1
Public Method,"Bean.Accesso.getPassword",,,,,,0.00,0.00,0,0,,,,,,,,,,,,,,,,,,,3,7,0,3,1,1,4,1,1,2,1,1,1,,,0,,,1.33,1
Public Method,"Bean.Accesso.getTipo",,,,,,0.00,0.00,0,0,,,,,,,,,,,,,,,,,,,5,7,0,3,1,1,4,1,1,2,1,1,1,,,0,,,1.33,1
Public Method,"Bean.Accesso.setLogin",,,,,,0.00,0.00,0,0,,,,,,,,,,,,,,,,,,,1,7,0,3,1,1,4,1,1,2,1,1,1,,,0,,,1.33,1
Public Method,"Bean.Accesso.setPassword",,,,,,0.00,0.00,0,0,,,,,,,,,,,,,,,,,,,2,7,0,3,1,1,4,1,1,2,1,1,1,,,0,,,1.33,1
Public Method,"Bean.Accesso.setTipo",,,,,,0.00,0.00,0,0,,,,,,,,,,,,,,,,,,,1,7,0,3,1,1,4,1,1,2,1,1,1,,,0,,,1.33,1
Public Method,"Bean.Accesso.toString",,,,,,0.00,0.00,0,0,,,,,,,,,,,,,,,,,,,3,7,0,3,1,1,4,1,1,2,1,1,1,,,0,,,1.33,1
Public Class,"Bean.Amministratore",8,0,4,4,1,,,,,1,1,1,0,,0,0,,,,13,5,13,13,0,0,0,13,,115,2,53,19,21,60,,26,40,19,21,,1,1,0,62,62,1.13,13
Public Constructor,"Bean.Amministratore.Amministratore",,,,,,0.00,0.00,0,0,,,,,,,,,,,,,,,,,,,0,10,0,7,1,5,3,6,5,6,1,5,1,,,0,,,0.43,1
Public Constructor,"Bean.Amministratore.Amministratore",,,,,,0.00,0.00,0,0,,,,,,,,,,,,,,,,,,,11,15,0,7,1,5,8,6,5,6,1,5,1,,,0,,,1.14,1
Public Method,"Bean.Amministratore.getCognome",,,,,,0.00,0.00,0,0,,,,,,,,,,,,,,,,,,,3,7,0,3,1,1,4,1,1,2,1,1,1,,,0,,,1.33,1
Public Method,"Bean.Amministratore.getEmail",,,,,,0.00,0.00,0,0,,,,,,,,,,,,,,,,,,,3,7,0,3,1,1,4,1,1,2,1,1,1,,,0,,,1.33,1
Public Method,"Bean.Amministratore.getLogin",,,,,,0.00,0.00,0,0,,,,,,,,,,,,,,,,,,,5,7,0,3,1,1,4,1,1,2,1,1,1,,,0,,,1.33,1
Public Method,"Bean.Amministratore.getMatricola",,,,,,0.00,0.00,0,0,,,,,,,,,,,,,,,,,,,5,7,0,3,1,1,4,1,1,2,1,1,1,,,0,,,1.33,1
Public Method,"Bean.Amministratore.getNome",,,,,,0.00,0.00,0,0,,,,,,,,,,,,,,,,,,,3,7,0,3,1,1,4,1,1,2,1,1,1,,,0,,,1.33,1
Public Method,"Bean.Amministratore.setCognome",,,,,,0.00,0.00,0,0,,,,,,,,,,,,,,,,,,,1,7,0,3,1,1,4,1,1,2,1,1,1,,,0,,,1.33,1
Public Method,"Bean.Amministratore.setEmail",,,,,,0.00,0.00,0,0,,,,,,,,,,,,,,,,,,,1,7,0,3,1,1,4,1,1,2,1,1,1,,,0,,,1.33,1
Public Method,"Bean.Amministratore.setLogin",,,,,,0.00,0.00,0,0,,,,,,,,,,,,,,,,,,,1,7,0,3,1,1,4,1,1,2,1,1,1,,,0,,,1.33,1
Public Method,"Bean.Amministratore.setMatricola",,,,,,0.00,0.00,0,0,,,,,,,,,,,,,,,,,,,1,7,0,3,1,1,4,1,1,2,1,1,1,,,0,,,1.33,1
Public Method,"Bean.Amministratore.setNome",,,,,,0.00,0.00,0,0,,,,,,,,,,,,,,,,,,,1,7,0,3,1,1,4,1,1,2,1,1,1,,,0,,,1.33,1
Public Method,"Bean.Amministratore.toString",,,,,,0.00,0.00,0,0,,,,,,,,,,,,,,,,,,,5,7,0,3,1,1,4,1,1,2,1,1,1,,,0,,,1.33,1
Public Class,"Bean.CartaIdentita",6,0,5,1,1,,,,,1,3,3,0,,0,0,,,,33,15,33,33,0,0,0,33,,237,12,176,54,90,50,,92,126,51,75,,1,1,0,85,83,0.28,33
Public Constructor,"Bean.CartaIdentita.CartaIdentita",,,,,,0.00,0.00,0,0,,,,,,,,,,,,,,,,,,,0,20,1,16,1,14,3,15,14,15,1,14,1,,,0,,,0.19,1
Public Constructor,"Bean.CartaIdentita.CartaIdentita",,,,,,0.00,0.00,0,0,,,,,,,,,,,,,,,,,,,17,36,1,18,2,15,17,16,15,16,1,15,1,,,0,,,0.94,1
Public Constructor,"Bean.CartaIdentita.CartaIdentita",,,,,,0.00,0.00,0,0,,,,,,,,,,,,,,,,,,,14,36,2,17,2,14,17,15,14,15,1,14,1,,,0,,,1.00,1
Public Method,"Bean.CartaIdentita.getCapelli",,,,,,0.00,0.00,0,0,,,,,,,,,,,,,,,,,,,3,3,0,3,1,1,0,1,1,2,1,1,1,,,0,,,0.00,1
Public Method,"Bean.CartaIdentita.getCittadinanza",,,,,,0.00,0.00,0,0,,,,,,,,,,,,,,,,,,,3,3,0,3,1,1,0,1,1,2,1,1,1,,,0,,,0.00,1
Public Method,"Bean.CartaIdentita.getDataRilascio",,,,,,0.00,0.00,0,0,,,,,,,,,,,,,,,,,,,3,3,0,3,1,1,0,1,1,2,1,1,1,,,0,,,0.00,1
Public Method,"Bean.CartaIdentita.getDataScadenza",,,,,,0.00,0.00,0,0,,,,,,,,,,,,,,,,,,,3,3,0,3,1,1,0,1,1,2,1,1,1,,,0,,,0.00,1
Public Method,"Bean.CartaIdentita.getNumCivico",,,,,,0.00,0.00,0,0,,,,,,,,,,,,,,,,,,,3,3,0,3,1,1,0,1,1,2,1,1,1,,,0,,,0.00,1
Public Method,"Bean.CartaIdentita.getNumero",,,,,,0.00,0.00,0,0,,,,,,,,,,,,,,,,,,,3,3,0,3,1,1,0,1,1,2,1,1,1,,,0,,,0.00,1
Public Method,"Bean.CartaIdentita.getOcchi",,,,,,0.00,0.00,0,0,,,,,,,,,,,,,,,,,,,3,3,0,3,1,1,0,1,1,2,1,1,1,,,0,,,0.00,1
Public Method,"Bean.CartaIdentita.getProfessione",,,,,,0.00,0.00,0,0,,,,,,,,,,,,,,,,,,,3,3,0,3,1,1,0,1,1,2,1,1,1,,,0,,,0.00,1
Public Method,"Bean.CartaIdentita.getResidenza",,,,,,0.00,0.00,0,0,,,,,,,,,,,,,,,,,,,3,3,0,3,1,1,0,1,1,2,1,1,1,,,0,,,0.00,1
Public Method,"Bean.CartaIdentita.getSegniParticolari",,,,,,0.00,0.00,0,0,,,,,,,,,,,,,,,,,,,3,3,0,3,1,1,0,1,1,2,1,1,1,,,0,,,0.00,1
Public Method,"Bean.CartaIdentita.getStatoCivile",,,,,,0.00,0.00,0,0,,,,,,,,,,,,,,,,,,,3,3,0,3,1,1,0,1,1,2,1,1,1,,,0,,,0.00,1
Public Method,"Bean.CartaIdentita.getStatura",,,,,,0.00,0.00,0,0,,,,,,,,,,,,,,,,,,,3,3,0,3,1,1,0,1,1,2,1,1,1,,,0,,,0.00,1
Public Method,"Bean.CartaIdentita.getVia",,,,,,0.00,0.00,0,0,,,,,,,,,,,,,,,,,,,3,3,0,3,1,1,0,1,1,2,1,1,1,,,0,,,0.00,1
Public Method,"Bean.CartaIdentita.id",,,,,,0.00,0.00,0,0,,,,,,,,,,,,,,,,,,,8,3,0,3,1,1,0,1,1,2,1,1,1,,,0,,,0.00,1
Public Method,"Bean.CartaIdentita.isValidaEspatrio",,,,,,0.00,0.00,0,0,,,,,,,,,,,,,,,,,,,2,3,0,3,1,1,0,1,1,2,1,1,1,,,0,,,0.00,1
Public Method,"Bean.CartaIdentita.setCapelli",,,,,,0.00,0.00,0,0,,,,,,,,,,,,,,,,,,,1,3,0,3,1,1,0,1,1,2,1,1,1,,,0,,,0.00,1
Public Method,"Bean.CartaIdentita.setCittadinanza",,,,,,0.00,0.00,0,0,,,,,,,,,,,,,,,,,,,1,3,0,3,1,1,0,1,1,2,1,1,1,,,0,,,0.00,1
Public Method,"Bean.CartaIdentita.setDataRilascio",,,,,,0.00,0.00,0,0,,,,,,,,,,,,,,,,,,,1,3,0,3,1,1,0,1,1,2,1,1,1,,,0,,,0.00,1
Public Method,"Bean.CartaIdentita.setDataScadenza",,,,,,0.00,0.00,0,0,,,,,,,,,,,,,,,,,,,1,3,0,3,1,1,0,1,1,2,1,1,1,,,0,,,0.00,1
Public Method,"Bean.CartaIdentita.setNumCivico",,,,,,0.00,0.00,0,0,,,,,,,,,,,,,,,,,,,1,3,0,3,1,1,0,1,1,2,1,1,1,,,0,,,0.00,1
Public Method,"Bean.CartaIdentita.setNumero",,,,,,0.00,0.00,0,0,,,,,,,,,,,,,,,,,,,2,3,0,3,1,1,0,1,1,2,1,1,1,,,0,,,0.00,1
Public Method,"Bean.CartaIdentita.setOcchi",,,,,,0.00,0.00,0,0,,,,,,,,,,,,,,,,,,,1,3,0,3,1,1,0,1,1,2,1,1,1,,,0,,,0.00,1
Public Method,"Bean.CartaIdentita.setProfessione",,,,,,0.00,0.00,0,0,,,,,,,,,,,,,,,,,,,1,3,0,3,1,1,0,1,1,2,1,1,1,,,0,,,0.00,1
Public Method,"Bean.CartaIdentita.setResidenza",,,,,,0.00,0.00,0,0,,,,,,,,,,,,,,,,,,,2,3,0,3,1,1,0,1,1,2,1,1,1,,,0,,,0.00,1
Public Method,"Bean.CartaIdentita.setSegniParticolari",,,,,,0.00,0.00,0,0,,,,,,,,,,,,,,,,,,,1,3,0,3,1,1,0,1,1,2,1,1,1,,,0,,,0.00,1
Public Method,"Bean.CartaIdentita.setStatoCivile",,,,,,0.00,0.00,0,0,,,,,,,,,,,,,,,,,,,1,3,0,3,1,1,0,1,1,2,1,1,1,,,0,,,0.00,1
Public Method,"Bean.CartaIdentita.setStatura",,,,,,0.00,0.00,0,0,,,,,,,,,,,,,,,,,,,1,3,0,3,1,1,0,1,1,2,1,1,1,,,0,,,0.00,1
Public Method,"Bean.CartaIdentita.setValiditaEspatrio",,,,,,0.00,0.00,0,0,,,,,,,,,,,,,,,,,,,1,3,0,3,1,1,0,1,1,2,1,1,1,,,0,,,0.00,1
Public Method,"Bean.CartaIdentita.setVia",,,,,,0.00,0.00,0,0,,,,,,,,,,,,,,,,,,,2,3,0,3,1,1,0,1,1,2,1,1,1,,,0,,,0.00,1
Public Method,"Bean.CartaIdentita.toString",,,,,,0.00,0.00,0,0,,,,,,,,,,,,,,,,,,,0,23,2,21,4,18,1,17,5,6,3,3,1,,,0,,,0.05,1
Public Class,"Bean.Cittadino",5,0,4,0,1,,,,,1,3,3,0,,0,0,,,,25,11,25,25,0,0,0,25,,142,5,122,37,57,15,,61,87,37,50,,1,1,0,83,80,0.12,25
Public Constructor,"Bean.Cittadino.Cittadino",,,,,,0.00,0.00,0,0,,,,,,,,,,,,,,,,,,,0,15,2,10,1,8,3,9,8,9,1,8,1,,,0,,,0.30,1
Public Constructor,"Bean.Cittadino.Cittadino",,,,,,0.00,0.00,0,0,,,,,,,,,,,,,,,,,,,6,7,0,7,1,5,0,6,5,6,1,5,1,,,0,,,0.00,1
Public Constructor,"Bean.Cittadino.Cittadino",,,,,,0.00,0.00,0,0,,,,,,,,,,,,,,,,,,,7,9,1,8,1,6,0,7,6,7,1,6,1,,,0,,,0.00,1
Public Constructor,"Bean.Cittadino.Cittadino",,,,,,0.00,0.00,0,0,,,,,,,,,,,,,,,,,,,14,17,0,12,1,10,5,11,10,11,1,10,1,,,0,,,0.42,1
Public Method,"Bean.Cittadino.getCodiceFiscale",,,,,,0.00,0.00,0,0,,,,,,,,,,,,,,,,,,,4,3,0,3,1,1,0,1,1,2,1,1,1,,,0,,,0.00,1
Public Method,"Bean.Cittadino.getCognome",,,,,,0.00,0.00,0,0,,,,,,,,,,,,,,,,,,,4,3,0,3,1,1,0,1,1,2,1,1,1,,,0,,,0.00,1
Public Method,"Bean.Cittadino.getDataNascita",,,,,,0.00,0.00,0,0,,,,,,,,,,,,,,,,,,,3,3,0,3,1,1,0,1,1,2,1,1,1,,,0,,,0.00,1
Public Method,"Bean.Cittadino.getEmail",,,,,,0.00,0.00,0,0,,,,,,,,,,,,,,,,,,,3,3,0,3,1,1,0,1,1,2,1,1,1,,,0,,,0.00,1
Public Method,"Bean.Cittadino.getIdCittadino",,,,,,0.00,0.00,0,0,,,,,,,,,,,,,,,,,,,11,3,0,3,1,1,0,1,1,2,1,1,1,,,0,,,0.00,1
Public Method,"Bean.Cittadino.getLogin",,,,,,0.00,0.00,0,0,,,,,,,,,,,,,,,,,,,7,3,0,3,1,1,0,1,1,2,1,1,1,,,0,,,0.00,1
Public Method,"Bean.Cittadino.getLuogoNascita",,,,,,0.00,0.00,0,0,,,,,,,,,,,,,,,,,,,3,3,0,3,1,1,0,1,1,2,1,1,1,,,0,,,0.00,1
Public Method,"Bean.Cittadino.getNome",,,,,,0.00,0.00,0,0,,,,,,,,,,,,,,,,,,,4,3,0,3,1,1,0,1,1,2,1,1,1,,,0,,,0.00,1
Public Method,"Bean.Cittadino.getNucleoFamiliare",,,,,,0.00,0.00,0,0,,,,,,,,,,,,,,,,,,,5,4,0,4,1,1,0,1,1,2,1,1,1,,,0,,,0.00,1
Public Method,"Bean.Cittadino.isAdvertise",,,,,,0.00,0.00,0,0,,,,,,,,,,,,,,,,,,,2,3,0,3,1,1,0,1,1,2,1,1,1,,,0,,,0.00,1
Public Method,"Bean.Cittadino.setCodiceFiscale",,,,,,0.00,0.00,0,0,,,,,,,,,,,,,,,,,,,1,3,0,3,1,1,0,1,1,2,1,1,1,,,0,,,0.00,1
Public Method,"Bean.Cittadino.setCognome",,,,,,0.00,0.00,0,0,,,,,,,,,,,,,,,,,,,1,3,0,3,1,1,0,1,1,2,1,1,1,,,0,,,0.00,1
Public Method,"Bean.Cittadino.setDataNascita",,,,,,0.00,0.00,0,0,,,,,,,,,,,,,,,,,,,1,3,0,3,1,1,0,1,1,2,1,1,1,,,0,,,0.00,1
Public Method,"Bean.Cittadino.setEmail",,,,,,0.00,0.00,0,0,,,,,,,,,,,,,,,,,,,1,3,0,3,1,1,0,1,1,2,1,1,1,,,0,,,0.00,1
Public Method,"Bean.Cittadino.setIdCittadino",,,,,,0.00,0.00,0,0,,,,,,,,,,,,,,,,,,,2,3,0,3,1,1,0,1,1,2,1,1,1,,,0,,,0.00,1
Public Method,"Bean.Cittadino.setIsAdvertise",,,,,,0.00,0.00,0,0,,,,,,,,,,,,,,,,,,,1,3,0,3,1,1,0,1,1,2,1,1,1,,,0,,,0.00,1
Public Method,"Bean.Cittadino.setLogin",,,,,,0.00,0.00,0,0,,,,,,,,,,,,,,,,,,,1,3,0,3,1,1,0,1,1,2,1,1,1,,,0,,,0.00,1
Public Method,"Bean.Cittadino.setLuogoNascita",,,,,,0.00,0.00,0,0,,,,,,,,,,,,,,,,,,,1,3,0,3,1,1,0,1,1,2,1,1,1,,,0,,,0.00,1
Public Method,"Bean.Cittadino.setNome",,,,,,0.00,0.00,0,0,,,,,,,,,,,,,,,,,,,1,3,0,3,1,1,0,1,1,2,1,1,1,,,0,,,0.00,1
Public Method,"Bean.Cittadino.setNucleoFamiliare",,,,,,0.00,0.00,0,0,,,,,,,,,,,,,,,,,,,3,4,0,4,1,1,0,1,1,2,1,1,1,,,0,,,0.00,1
Public Method,"Bean.Cittadino.toString",,,,,,0.00,0.00,0,0,,,,,,,,,,,,,,,,,,,0,10,0,10,1,8,0,9,1,2,1,1,1,,,0,,,0.00,1
Public Class,"Bean.Comune",9,0,4,4,1,,,,,1,1,1,0,,0,0,,,,6,2,6,6,0,0,0,6,,75,14,29,9,8,32,,10,17,9,8,,1,1,0,50,50,1.10,6
Public Constructor,"Bean.Comune.Comune",,,,,,0.00,0.00,0,0,,,,,,,,,,,,,,,,,,,0,7,1,3,1,0,3,1,0,1,1,0,1,,,0,,,1.00,1
Public Constructor,"Bean.Comune.Comune",,,,,,0.00,0.00,0,0,,,,,,,,,,,,,,,,,,,3,10,0,5,1,2,5,3,2,3,1,2,1,,,0,,,1.00,1
Public Method,"Bean.Comune.getIndirizzoId",,,,,,0.00,0.00,0,0,,,,,,,,,,,,,,,,,,,2,8,0,4,1,1,4,1,1,2,1,1,1,,,0,,,1.00,1
Public Method,"Bean.Comune.getNome",,,,,,0.00,0.00,0,0,,,,,,,,,,,,,,,,,,,2,8,0,4,1,1,4,1,1,2,1,1,1,,,0,,,1.00,1
Public Method,"Bean.Comune.setIndirizzoId",,,,,,0.00,0.00,0,0,,,,,,,,,,,,,,,,,,,1,10,0,5,1,2,5,2,2,3,1,2,1,,,0,,,1.00,1
Public Method,"Bean.Comune.setNome",,,,,,0.00,0.00,0,0,,,,,,,,,,,,,,,,,,,1,10,0,5,1,2,5,2,2,3,1,2,1,,,0,,,1.00,1
Public Class,"Bean.Impiegato",8,0,4,4,1,,,,,1,1,1,0,,0,0,,,,13,5,13,13,0,0,0,13,,115,2,53,19,21,60,,26,40,19,21,,1,1,0,62,62,1.13,13
Public Constructor,"Bean.Impiegato.Impiegato",,,,,,0.00,0.00,0,0,,,,,,,,,,,,,,,,,,,11,15,0,7,1,5,8,6,5,6,1,5,1,,,0,,,1.14,1
Public Constructor,"Bean.Impiegato.Impiegato",,,,,,0.00,0.00,0,0,,,,,,,,,,,,,,,,,,,0,10,0,7,1,5,3,6,5,6,1,5,1,,,0,,,0.43,1
Public Method,"Bean.Impiegato.getCognome",,,,,,0.00,0.00,0,0,,,,,,,,,,,,,,,,,,,3,7,0,3,1,1,4,1,1,2,1,1,1,,,0,,,1.33,1
Public Method,"Bean.Impiegato.getEmail",,,,,,0.00,0.00,0,0,,,,,,,,,,,,,,,,,,,3,7,0,3,1,1,4,1,1,2,1,1,1,,,0,,,1.33,1
Public Method,"Bean.Impiegato.getLogin",,,,,,0.00,0.00,0,0,,,,,,,,,,,,,,,,,,,5,7,0,3,1,1,4,1,1,2,1,1,1,,,0,,,1.33,1
Public Method,"Bean.Impiegato.getMatricola",,,,,,0.00,0.00,0,0,,,,,,,,,,,,,,,,,,,5,7,0,3,1,1,4,1,1,2,1,1,1,,,0,,,1.33,1
Public Method,"Bean.Impiegato.getNome",,,,,,0.00,0.00,0,0,,,,,,,,,,,,,,,,,,,3,7,0,3,1,1,4,1,1,2,1,1,1,,,0,,,1.33,1
Public Method,"Bean.Impiegato.setCognome",,,,,,0.00,0.00,0,0,,,,,,,,,,,,,,,,,,,1,7,0,3,1,1,4,1,1,2,1,1,1,,,0,,,1.33,1
Public Method,"Bean.Impiegato.setEmail",,,,,,0.00,0.00,0,0,,,,,,,,,,,,,,,,,,,1,7,0,3,1,1,4,1,1,2,1,1,1,,,0,,,1.33,1
Public Method,"Bean.Impiegato.setLogin",,,,,,0.00,0.00,0,0,,,,,,,,,,,,,,,,,,,1,7,0,3,1,1,4,1,1,2,1,1,1,,,0,,,1.33,1
Public Method,"Bean.Impiegato.setMatricola",,,,,,0.00,0.00,0,0,,,,,,,,,,,,,,,,,,,1,7,0,3,1,1,4,1,1,2,1,1,1,,,0,,,1.33,1
Public Method,"Bean.Impiegato.setNome",,,,,,0.00,0.00,0,0,,,,,,,,,,,,,,,,,,,1,7,0,3,1,1,4,1,1,2,1,1,1,,,0,,,1.33,1
Public Method,"Bean.Impiegato.toString",,,,,,0.00,0.00,0,0,,,,,,,,,,,,,,,,,,,5,7,0,3,1,1,4,1,1,2,1,1,1,,,0,,,1.33,1
Public Class,"Bean.NucleoFamiliare",8,0,4,4,1,,,,,1,1,1,0,,0,0,,,,10,4,10,10,0,0,0,10,,104,17,41,15,16,46,,20,31,15,16,,1,1,0,70,70,1.12,10
Public Constructor,"Bean.NucleoFamiliare.NucleoFamiliare",,,,,,0.00,0.00,0,0,,,,,,,,,,,,,,,,,,,5,12,0,6,1,4,6,5,4,5,1,4,1,,,0,,,1.00,1
Public Constructor,"Bean.NucleoFamiliare.NucleoFamiliare",,,,,,0.00,0.00,0,0,,,,,,,,,,,,,,,,,,,2,6,1,2,1,0,3,1,0,1,1,0,1,,,0,,,1.50,1
Public Method,"Bean.NucleoFamiliare.getCapoFamiglia",,,,,,0.00,0.00,0,0,,,,,,,,,,,,,,,,,,,4,7,0,3,1,1,4,1,1,2,1,1,1,,,0,,,1.33,1
Public Method,"Bean.NucleoFamiliare.getIdNucleoFamiliare",,,,,,0.00,0.00,0,0,,,,,,,,,,,,,,,,,,,1,7,0,3,1,1,4,1,1,2,1,1,1,,,0,,,1.33,1
Public Method,"Bean.NucleoFamiliare.getNComponenti",,,,,,0.00,0.00,0,0,,,,,,,,,,,,,,,,,,,4,7,0,3,1,1,4,1,1,2,1,1,1,,,0,,,1.33,1
Public Method,"Bean.NucleoFamiliare.getNote",,,,,,0.00,0.00,0,0,,,,,,,,,,,,,,,,,,,2,7,0,3,1,1,4,1,1,2,1,1,1,,,0,,,1.33,1
Public Method,"Bean.NucleoFamiliare.setCapoFamiglia",,,,,,0.00,0.00,0,0,,,,,,,,,,,,,,,,,,,4,8,0,4,1,2,4,2,2,3,1,2,1,,,0,,,1.00,1
Public Method,"Bean.NucleoFamiliare.setIdNucleoFamiliare",,,,,,0.00,0.00,0,0,,,,,,,,,,,,,,,,,,,4,8,0,4,1,2,4,2,2,3,1,2,1,,,0,,,1.00,1
Public Method,"Bean.NucleoFamiliare.setNComponenti",,,,,,0.00,0.00,0,0,,,,,,,,,,,,,,,,,,,4,8,0,4,1,2,4,2,2,3,1,2,1,,,0,,,1.00,1
Public Method,"Bean.NucleoFamiliare.setNote",,,,,,0.00,0.00,0,0,,,,,,,,,,,,,,,,,,,2,8,0,4,1,2,4,2,2,3,1,2,1,,,0,,,1.00,1
Public Class,"Bean.Richiesta",9,0,4,5,1,,,,,1,1,1,0,,0,0,,,,17,6,17,17,0,0,0,17,,177,18,72,24,31,87,,37,55,24,31,,1,1,0,75,75,1.21,17
Public Constructor,"Bean.Richiesta.Richiesta",,,,,,0.00,0.00,0,0,,,,,,,,,,,,,,,,,,,11,17,0,8,1,6,9,7,6,7,1,6,1,,,0,,,1.13,1
Public Constructor,"Bean.Richiesta.Richiesta",,,,,,0.00,0.00,0,0,,,,,,,,,,,,,,,,,,,0,6,1,2,1,0,3,1,0,1,1,0,1,,,0,,,1.50,1
Public Constructor,"Bean.Richiesta.Richiesta",,,,,,0.00,0.00,0,0,,,,,,,,,,,,,,,,,,,6,15,0,7,1,5,8,6,5,6,1,5,1,,,0,,,1.14,1
Public Method,"Bean.Richiesta.getData",,,,,,0.00,0.00,0,0,,,,,,,,,,,,,,,,,,,2,7,0,3,1,1,4,1,1,2,1,1,1,,,0,,,1.33,1
Public Method,"Bean.Richiesta.getDocumento",,,,,,0.00,0.00,0,0,,,,,,,,,,,,,,,,,,,2,7,0,3,1,1,4,1,1,2,1,1,1,,,0,,,1.33,1
Public Method,"Bean.Richiesta.getIdRichiesta",,,,,,0.00,0.00,0,0,,,,,,,,,,,,,,,,,,,1,7,0,3,1,1,4,1,1,2,1,1,1,,,0,,,1.33,1
Public Method,"Bean.Richiesta.getRichiedente",,,,,,0.00,0.00,0,0,,,,,,,,,,,,,,,,,,,2,7,0,3,1,1,4,1,1,2,1,1,1,,,0,,,1.33,1
Public Method,"Bean.Richiesta.getStato",,,,,,0.00,0.00,0,0,,,,,,,,,,,,,,,,,,,2,7,0,3,1,1,4,1,1,2,1,1,1,,,0,,,1.33,1
Public Method,"Bean.Richiesta.getTipo",,,,,,0.00,0.00,0,0,,,,,,,,,,,,,,,,,,,2,7,0,3,1,1,4,1,1,2,1,1,1,,,0,,,1.33,1
Public Method,"Bean.Richiesta.isAccettata",,,,,,0.00,0.00,0,0,,,,,,,,,,,,,,,,,,,1,7,0,3,1,1,4,2,1,2,1,1,1,,,0,,,1.33,1
Public Method,"Bean.Richiesta.isRifiutata",,,,,,0.00,0.00,0,0,,,,,,,,,,,,,,,,,,,1,7,0,3,1,1,4,2,1,2,1,1,1,,,0,,,1.33,1
Public Method,"Bean.Richiesta.setData",,,,,,0.00,0.00,0,0,,,,,,,,,,,,,,,,,,,1,9,0,4,1,2,5,2,2,3,1,2,1,,,0,,,1.25,1
Public Method,"Bean.Richiesta.setDocumento",,,,,,0.00,0.00,0,0,,,,,,,,,,,,,,,,,,,1,9,0,4,1,2,5,2,2,3,1,2,1,,,0,,,1.25,1
Public Method,"Bean.Richiesta.setIdRichiesta",,,,,,0.00,0.00,0,0,,,,,,,,,,,,,,,,,,,1,9,0,4,1,2,5,2,2,3,1,2,1,,,0,,,1.25,1
Public Method,"Bean.Richiesta.setRichiedente",,,,,,0.00,0.00,0,0,,,,,,,,,,,,,,,,,,,1,9,0,4,1,2,5,2,2,3,1,2,1,,,0,,,1.25,1
Public Method,"Bean.Richiesta.setStato",,,,,,0.00,0.00,0,0,,,,,,,,,,,,,,,,,,,1,9,0,4,1,2,5,2,2,3,1,2,1,,,0,,,1.25,1
Public Method,"Bean.Richiesta.setTipo",,,,,,0.00,0.00,0,0,,,,,,,,,,,,,,,,,,,1,9,0,4,1,2,5,2,2,3,1,2,1,,,0,,,1.25,1
Package,"DB",36,0,30,5,5,,,,,,,,,11,3,3,,11,,80,9,83,,0,4,0,79,,3319,169,2648,547,1552,502,,1117,1503,547,1187,,8,,3,,,0.19,374
Public Class,"DB.DbAccesso",36,0,31,5,5,,,,,1,11,11,0,,0,0,,,,8,1,8,8,0,0,0,8,,315,16,250,40,148,49,,97,135,40,108,,7,1,3,0,0,0.20,37
Public Constructor,"DB.DbAccesso.DbAccesso",,,,,,0.00,0.00,0,0,,,,,,,,,,,,,,,,,,,1,11,0,11,1,4,0,4,2,4,1,3,2,,,1,,,0.00,2
Public Method,"DB.DbAccesso.controllaAccesso",,,,,,0.00,0.00,0,0,,,,,,,,,,,,,,,,,,,4,41,0,33,4,20,8,7,13,18,4,14,5,,,3,,,0.24,5
Public Method,"DB.DbAccesso.controllaLogin",,,,,,0.00,0.00,0,0,,,,,,,,,,,,,,,,,,,3,38,0,32,4,19,6,7,12,17,4,13,5,,,3,,,0.19,5
Public Method,"DB.DbAccesso.eliminaAccesso",,,,,,0.00,0.00,0,0,,,,,,,,,,,,,,,,,,,3,34,0,28,3,15,6,6,9,13,3,10,4,,,3,,,0.21,4
Public Method,"DB.DbAccesso.getAccessi",,,,,,0.00,0.00,0,0,,,,,,,,,,,,,,,,,,,2,45,0,40,7,25,5,10,15,22,7,19,7,,,3,,,0.13,7
Public Method,"DB.DbAccesso.getAccesso",,,,,,0.00,0.00,0,0,,,,,,,,,,,,,,,,,,,3,43,0,37,7,24,6,9,16,22,7,18,6,,,3,,,0.16,6
Public Method,"DB.DbAccesso.inserisciAccesso",,,,,,0.00,0.00,0,0,,,,,,,,,,,,,,,,,,,3,39,0,33,6,20,6,9,14,18,6,15,4,,,3,,,0.18,4
Public Method,"DB.DbAccesso.modificaAccesso",,,,,,0.00,0.00,0,0,,,,,,,,,,,,,,,,,,,4,40,0,34,6,21,6,9,15,19,6,16,4,,,3,,,0.18,4
Public Class,"DB.DbAmministratore",40,0,35,5,5,,,,,1,11,11,0,,0,0,,,,8,1,8,8,0,0,0,8,,342,16,280,58,176,46,,121,162,58,136,,7,1,3,0,0,0.16,40
Public Constructor,"DB.DbAmministratore.DbAmministratore",,,,,,0.00,0.00,0,0,,,,,,,,,,,,,,,,,,,1,11,0,11,1,4,0,4,2,4,1,3,2,,,1,,,0.00,2
Public Method,"DB.DbAmministratore.eliminaAmministratore",,,,,,0.00,0.00,0,0,,,,,,,,,,,,,,,,,,,3,34,0,28,3,15,6,6,9,13,3,10,4,,,3,,,0.21,4
Public Method,"DB.DbAmministratore.getAmministratoreByLogin",,,,,,0.00,0.00,0,0,,,,,,,,,,,,,,,,,,,3,45,0,39,9,26,6,9,18,24,9,20,6,,,3,,,0.15,6
Public Method,"DB.DbAmministratore.getAmministratoreByMatricola",,,,,,0.00,0.00,0,0,,,,,,,,,,,,,,,,,,,3,45,0,39,9,26,6,9,18,24,9,20,6,,,3,,,0.15,6
Public Method,"DB.DbAmministratore.getAmministratoreByName",,,,,,0.00,0.00,0,0,,,,,,,,,,,,,,,,,,,4,50,0,44,9,29,6,11,19,26,9,23,7,,,3,,,0.14,7
Public Method,"DB.DbAmministratore.getAmministratori",,,,,,0.00,0.00,0,0,,,,,,,,,,,,,,,,,,,3,47,0,42,9,27,5,10,17,24,9,21,7,,,3,,,0.12,7
Public Method,"DB.DbAmministratore.inserisciAmministratore",,,,,,0.00,0.00,0,0,,,,,,,,,,,,,,,,,,,3,43,0,37,8,24,6,11,18,22,8,19,4,,,3,,,0.16,4
Public Method,"DB.DbAmministratore.modificaAmministratore",,,,,,0.00,0.00,0,0,,,,,,,,,,,,,,,,,,,4,44,0,38,8,25,6,11,19,23,8,20,4,,,3,,,0.16,4
Public Class,"DB.DbCambioResidenza",13,0,7,5,2,,,,,1,7,7,0,,0,0,,,,3,1,3,3,0,0,0,3,,52,4,26,5,9,22,,6,12,5,7,,2,1,1,67,67,0.85,5
Public Constructor,"DB.DbCambioResidenza.DbCambioResidenza",,,,,,0.00,0.00,0,0,,,,,,,,,,,,,,,,,,,1,11,0,11,1,4,0,4,2,4,1,3,2,,,1,,,0.00,2
Public Method,"DB.DbCambioResidenza.changeResidence",,,,,,0.00,0.00,0,0,,,,,,,,,,,,,,,,,,,1,11,0,4,1,1,7,3,1,2,1,1,1,,,0,,,1.75,1
Public Method,"DB.DbCambioResidenza.changeResidenceIn",,,,,,0.00,0.00,0,0,,,,,,,,,,,,,,,,,,,4,16,0,7,1,4,9,4,2,4,1,3,2,,,1,,,1.29,2
Public Class,"DB.DbCartaIdentita",41,0,35,6,5,,,,,1,10,10,0,,0,0,,,,11,1,11,11,0,0,0,11,,472,15,385,82,236,72,,167,218,82,187,,7,1,3,0,0,0.19,50
Public Constructor,"DB.DbCartaIdentita.DbCartaIdentita",,,,,,0.00,0.00,0,0,,,,,,,,,,,,,,,,,,,4,11,0,11,1,4,0,4,2,4,1,3,2,,,1,,,0.00,2
Public Method,"DB.DbCartaIdentita.cancellaCartaIdentita",,,,,,0.00,0.00,0,0,,,,,,,,,,,,,,,,,,,3,33,0,27,3,14,6,6,8,12,3,10,4,,,3,,,0.22,4
Public Method,"DB.DbCartaIdentita.modificaDataRilascioCartaIdentita",,,,,,0.00,0.00,0,0,,,,,,,,,,,,,,,,,,,3,35,0,28,3,15,7,10,9,13,3,11,4,,,3,,,0.25,4
Public Method,"DB.DbCartaIdentita.modificaDataScadenzaCartaIdentita",,,,,,0.00,0.00,0,0,,,,,,,,,,,,,,,,,,,3,35,0,28,3,15,7,10,9,13,3,11,4,,,3,,,0.25,4
Public Method,"DB.DbCartaIdentita.modificaNumeroCivicoCartaIdentita",,,,,,0.00,0.00,0,0,,,,,,,,,,,,,,,,,,,3,35,0,28,3,15,7,7,9,13,3,11,4,,,3,,,0.25,4
Public Method,"DB.DbCartaIdentita.modificaResidenzaCartaIdentita",,,,,,0.00,0.00,0,0,,,,,,,,,,,,,,,,,,,5,36,0,29,3,16,7,7,10,14,3,12,4,,,3,,,0.24,4
Public Method,"DB.DbCartaIdentita.modificaValidaEspatrio",,,,,,0.00,0.00,0,0,,,,,,,,,,,,,,,,,,,3,40,0,33,4,19,7,7,12,17,4,14,5,,,3,,,0.21,5
Public Method,"DB.DbCartaIdentita.modificaViaCartaIdentita",,,,,,0.00,0.00,0,0,,,,,,,,,,,,,,,,,,,3,35,0,28,3,15,7,6,9,13,3,11,4,,,3,,,0.25,4
Public Method,"DB.DbCartaIdentita.registraCartaIdentita",,,,,,0.00,0.00,0,0,,,,,,,,,,,,,,,,,,,2,68,3,59,17,45,6,27,38,43,17,40,5,,,3,,,0.10,5
Public Method,"DB.DbCartaIdentita.ricercaCartaIdentitaByNumero",,,,,,0.00,0.00,0,0,,,,,,,,,,,,,,,,,,,5,61,0,55,20,39,6,12,30,37,20,32,7,,,3,,,0.11,7
Public Method,"DB.DbCartaIdentita.ricercaCartaIdentitaByProprietario",,,,,,0.00,0.00,0,0,,,,,,,,,,,,,,,,,,,3,61,0,55,20,39,6,12,30,37,20,32,7,,,3,,,0.11,7
Public Class,"DB.DbCittadino",41,0,34,7,5,,,,,1,13,13,0,,0,0,,,,16,1,16,16,0,1,0,15,,675,20,545,92,328,110,,218,301,92,252,,7,1,3,0,0,0.20,82
Public Constructor,"DB.DbCittadino.DbCittadino",,,,,,0.00,0.00,0,0,,,,,,,,,,,,,,,,,,,1,11,0,11,1,4,0,4,2,4,1,3,2,,,1,,,0.00,2
Public Method,"DB.DbCittadino.cancellaCittadino",,,,,,0.00,0.00,0,0,,,,,,,,,,,,,,,,,,,3,32,0,26,2,13,6,6,7,11,2,9,4,,,3,,,0.23,4
Public Method,"DB.DbCittadino.findCodiceFiscale",,,,,,0.00,0.00,0,0,,,,,,,,,,,,,,,,,,,2,38,0,33,4,20,5,8,12,18,4,14,6,,,3,,,0.15,6
Public Method,"DB.DbCittadino.findIdCittadino",,,,,,0.00,0.00,0,0,,,,,,,,,,,,,,,,,,,4,41,0,34,3,21,7,8,13,19,3,16,6,,,3,,,0.21,6
Public Method,"DB.DbCittadino.getCittadinoByCodice",,,,,,0.00,0.00,0,0,,,,,,,,,,,,,,,,,,,3,56,0,50,15,34,6,11,25,32,15,27,7,,,3,,,0.12,7
Public Method,"DB.DbCittadino.getCittadinoByLogin",,,,,,0.00,0.00,0,0,,,,,,,,,,,,,,,,,,,3,56,0,50,15,34,6,11,25,32,15,27,7,,,3,,,0.12,7
Public Method,"DB.DbCittadino.getCittadinoByName",,,,,,0.00,0.00,0,0,,,,,,,,,,,,,,,,,,,4,58,1,50,15,34,7,12,26,33,15,29,7,,,3,,,0.14,7
Private Method,"DB.DbCittadino.maxID",,,,,,0.00,0.00,0,0,,,,,,,,,,,,,,,,,,,2,36,0,31,3,18,5,7,10,16,3,13,6,,,3,,,0.16,6
Public Method,"DB.DbCittadino.modificaAdvertise",,,,,,0.00,0.00,0,0,,,,,,,,,,,,,,,,,,,2,45,1,38,6,24,6,10,16,22,6,18,6,,,3,,,0.16,6
Public Method,"DB.DbCittadino.modificaCodiceFiscaleCittadino",,,,,,0.00,0.00,0,0,,,,,,,,,,,,,,,,,,,3,34,0,27,2,14,7,7,8,12,2,10,4,,,3,,,0.26,4
Public Method,"DB.DbCittadino.modificaCognomeCittadino",,,,,,0.00,0.00,0,0,,,,,,,,,,,,,,,,,,,4,34,0,27,2,14,7,7,8,12,2,10,4,,,3,,,0.26,4
Public Method,"DB.DbCittadino.modificaEmailCittadino",,,,,,0.00,0.00,0,0,,,,,,,,,,,,,,,,,,,4,34,0,27,2,14,7,7,8,12,2,10,4,,,3,,,0.26,4
Public Method,"DB.DbCittadino.modificaLogin",,,,,,0.00,0.00,0,0,,,,,,,,,,,,,,,,,,,4,45,0,30,3,17,15,7,10,15,3,12,5,,,3,,,0.50,5
Public Method,"DB.DbCittadino.modificaNomeCittadino",,,,,,0.00,0.00,0,0,,,,,,,,,,,,,,,,,,,4,34,0,27,2,14,7,7,8,12,2,10,4,,,3,,,0.26,4
Public Method,"DB.DbCittadino.modificaNucleoFamiliareCittadino",,,,,,0.00,0.00,0,0,,,,,,,,,,,,,,,,,,,4,35,0,28,3,15,7,6,9,13,3,11,4,,,3,,,0.25,4
Public Method,"DB.DbCittadino.registraCittadino",,,,,,0.00,0.00,0,0,,,,,,,,,,,,,,,,,,,5,59,1,52,12,38,6,22,30,36,12,33,6,,,3,,,0.12,6
Public Class,"DB.DbComune",31,0,27,5,4,,,,,1,8,8,0,,0,0,,,,4,1,4,4,0,0,0,4,,139,8,108,17,60,23,,39,56,17,43,,6,1,3,0,0,0.21,16
Public Constructor,"DB.DbComune.DbComune",,,,,,0.00,0.00,0,0,,,,,,,,,,,,,,,,,,,0,11,0,11,1,4,0,4,2,4,1,3,2,,,1,,,0.00,2
Public Method,"DB.DbComune.eliminaComune",,,,,,0.00,0.00,0,0,,,,,,,,,,,,,,,,,,,2,34,0,28,3,15,6,6,9,13,3,10,4,,,3,,,0.21,4
Public Method,"DB.DbComune.getComuneByName",,,,,,0.00,0.00,0,0,,,,,,,,,,,,,,,,,,,2,42,0,36,6,23,6,9,15,21,6,17,6,,,3,,,0.17,6
Public Method,"DB.DbComune.inserisciComune",,,,,,0.00,0.00,0,0,,,,,,,,,,,,,,,,,,,2,37,0,31,5,18,6,8,12,16,5,13,4,,,3,,,0.19,4
Public Class,"DB.DbConnection",9,0,6,3,1,,,,,1,9,9,0,,3,2,,,,1,0,4,4,0,2,0,2,,73,9,45,9,20,19,,17,23,8,16,,1,1,0,38,38,0.42,4
Public Method,"DB.DbConnection.closePool",,,,,,0.00,0.00,0,0,,,,,,,,,,,,,,,,,,,1,7,0,4,1,1,3,1,1,2,1,1,1,,,0,,,0.75,1
Private Static Method,"DB.DbConnection.createPool",,,,,,0.00,0.00,0,0,,,,,,,,,,,,,,,,,,,2,8,0,8,1,5,0,6,5,6,1,5,1,,,0,,,0.00,1
Public Static Method,"DB.DbConnection.getConnection",,,,,,0.00,0.00,0,0,,,,,,,,,,,,,,,,,,,10,9,0,4,1,1,5,2,1,2,1,1,1,,,0,,,1.25,1
Private Static Method,"DB.DbConnection.loadDbProperties",,,,,,0.00,0.00,0,0,,,,,,,,,,,,,,,,,,,1,10,0,6,2,3,4,2,3,4,2,3,1,,,0,,,0.67,1
Public Class,"DB.DbException",4,0,4,0,1,,,,,1,1,1,0,,0,1,,,,2,0,2,2,0,0,0,2,,15,1,9,4,2,5,,2,5,4,1,,1,2,0,0,0,0.56,2
Public Constructor,"DB.DbException.DbException",,,,,,0.00,0.00,0,0,,,,,,,,,,,,,,,,,,,76,4,0,4,1,1,0,1,1,2,1,1,1,,,0,,,0.00,1
Public Constructor,"DB.DbException.DbException",,,,,,0.00,0.00,0,0,,,,,,,,,,,,,,,,,,,0,3,0,3,1,0,0,1,0,1,1,0,1,,,0,,,0.00,1
Public Class,"DB.DbImpiegato",40,0,35,5,5,,,,,1,11,11,0,,0,0,,,,8,1,8,8,0,0,0,8,,342,16,280,58,176,46,,121,162,58,136,,7,1,3,0,0,0.16,40
Public Constructor,"DB.DbImpiegato.DbImpiegato",,,,,,0.00,0.00,0,0,,,,,,,,,,,,,,,,,,,1,11,0,11,1,4,0,4,2,4,1,3,2,,,1,,,0.00,2
Public Method,"DB.DbImpiegato.eliminaImpiegato",,,,,,0.00,0.00,0,0,,,,,,,,,,,,,,,,,,,3,34,0,28,3,15,6,6,9,13,3,10,4,,,3,,,0.21,4
Public Method,"DB.DbImpiegato.getImpiegati",,,,,,0.00,0.00,0,0,,,,,,,,,,,,,,,,,,,2,47,0,42,9,27,5,10,17,24,9,21,7,,,3,,,0.12,7
Public Method,"DB.DbImpiegato.getImpiegatoByLogin",,,,,,0.00,0.00,0,0,,,,,,,,,,,,,,,,,,,3,45,0,39,9,26,6,9,18,24,9,20,6,,,3,,,0.15,6
Public Method,"DB.DbImpiegato.getImpiegatoByMatricola",,,,,,0.00,0.00,0,0,,,,,,,,,,,,,,,,,,,3,45,0,39,9,26,6,9,18,24,9,20,6,,,3,,,0.15,6
Public Method,"DB.DbImpiegato.getImpiegatoByName",,,,,,0.00,0.00,0,0,,,,,,,,,,,,,,,,,,,4,50,0,44,9,29,6,11,19,26,9,23,7,,,3,,,0.14,7
Public Method,"DB.DbImpiegato.inserisciImpiegato",,,,,,0.00,0.00,0,0,,,,,,,,,,,,,,,,,,,3,43,0,37,8,24,6,11,18,22,8,19,4,,,3,,,0.16,4
Public Method,"DB.DbImpiegato.modificaImpiegato",,,,,,0.00,0.00,0,0,,,,,,,,,,,,,,,,,,,4,44,0,38,8,25,6,11,19,23,8,20,4,,,3,,,0.16,4
Public Class,"DB.DbNucleoFamiliare",37,0,32,5,5,,,,,1,13,13,0,,0,0,,,,10,1,10,10,0,1,0,9,,395,19,321,49,193,55,,126,177,50,143,,8,1,3,0,0,0.17,50
Public Constructor,"DB.DbNucleoFamiliare.DbNucleoFamiliare",,,,,,0.00,0.00,0,0,,,,,,,,,,,,,,,,,,,2,11,0,11,1,4,0,4,2,4,1,3,2,,,1,,,0.00,2
Public Method,"DB.DbNucleoFamiliare.controllaIdFamiglia",,,,,,0.00,0.00,0,0,,,,,,,,,,,,,,,,,,,3,38,0,32,4,19,6,7,12,17,4,13,5,,,3,,,0.19,5
Public Method,"DB.DbNucleoFamiliare.eliminaNucleoFamiliare",,,,,,0.00,0.00,0,0,,,,,,,,,,,,,,,,,,,2,34,0,28,3,15,6,6,9,13,3,10,4,,,3,,,0.21,4
Public Method,"DB.DbNucleoFamiliare.getNucleoFamiliareById",,,,,,0.00,0.00,0,0,,,,,,,,,,,,,,,,,,,5,44,0,38,8,25,6,10,17,23,8,19,6,,,3,,,0.16,6
Public Method,"DB.DbNucleoFamiliare.getStatoFamiglia",,,,,,0.00,0.00,0,0,,,,,,,,,,,,,,,,,,,3,55,0,49,12,34,6,15,25,33,13,29,8,,,3,,,0.12,8
Public Method,"DB.DbNucleoFamiliare.inserisciNucleoFamiliare",,,,,,0.00,0.00,0,0,,,,,,,,,,,,,,,,,,,3,39,0,33,5,20,6,11,14,18,5,16,4,,,3,,,0.18,4
Private Method,"DB.DbNucleoFamiliare.lastId",,,,,,0.00,0.00,0,0,,,,,,,,,,,,,,,,,,,2,33,0,33,4,20,0,7,12,18,4,14,6,,,3,,,0.00,6
Public Method,"DB.DbNucleoFamiliare.noteFamiglia",,,,,,0.00,0.00,0,0,,,,,,,,,,,,,,,,,,,2,43,0,37,4,24,6,8,14,21,4,17,7,,,3,,,0.16,7
Public Method,"DB.DbNucleoFamiliare.setCapoFamiglia",,,,,,0.00,0.00,0,0,,,,,,,,,,,,,,,,,,,4,36,0,29,3,16,7,6,10,14,3,11,4,,,3,,,0.24,4
Public Method,"DB.DbNucleoFamiliare.setnComponenti",,,,,,0.00,0.00,0,0,,,,,,,,,,,,,,,,,,,5,36,0,29,3,16,7,6,10,14,3,11,4,,,3,,,0.24,4
Public Class,"DB.DbRichiesta",41,0,36,6,5,,,,,1,10,10,0,,0,0,,,,9,1,9,9,0,0,0,9,,398,18,325,67,204,55,,137,186,67,158,,7,1,3,0,0,0.17,48
Public Constructor,"DB.DbRichiesta.DbRichiesta",,,,,,0.00,0.00,0,0,,,,,,,,,,,,,,,,,,,3,11,0,11,1,4,0,4,2,4,1,3,2,,,1,,,0.00,2
Public Method,"DB.DbRichiesta.eliminaRichiesta",,,,,,0.00,0.00,0,0,,,,,,,,,,,,,,,,,,,2,34,0,28,3,15,6,6,9,13,3,10,4,,,3,,,0.21,4
Public Method,"DB.DbRichiesta.getRichiestaById",,,,,,0.00,0.00,0,0,,,,,,,,,,,,,,,,,,,3,46,0,40,10,27,6,10,19,25,10,21,6,,,3,,,0.15,6
Public Method,"DB.DbRichiesta.getRichiestaByRichiedente",,,,,,0.00,0.00,0,0,,,,,,,,,,,,,,,,,,,3,50,0,44,10,29,6,12,19,26,10,23,7,,,3,,,0.14,7
Public Method,"DB.DbRichiesta.getRichiestaByStato",,,,,,0.00,0.00,0,0,,,,,,,,,,,,,,,,,,,4,52,0,45,10,30,7,13,20,27,10,24,7,,,3,,,0.16,7
Public Method,"DB.DbRichiesta.getRichiestaByTipo",,,,,,0.00,0.00,0,0,,,,,,,,,,,,,,,,,,,3,52,0,45,10,30,7,13,20,27,10,24,7,,,3,,,0.16,7
Public Method,"DB.DbRichiesta.getRichieste",,,,,,0.00,0.00,0,0,,,,,,,,,,,,,,,,,,,2,48,0,43,10,28,5,11,18,25,10,22,7,,,3,,,0.12,7
Public Method,"DB.DbRichiesta.inserisciRichiesta",,,,,,0.00,0.00,0,0,,,,,,,,,,,,,,,,,,,3,44,0,38,8,25,6,12,19,23,8,20,4,,,3,,,0.16,4
Public Method,"DB.DbRichiesta.setStatoRichiesta",,,,,,0.00,0.00,0,0,,,,,,,,,,,,,,,,,,,3,36,0,29,3,16,7,7,10,14,3,11,4,,,3,,,0.24,4
File,"EA140.java",8,0,3,5,1,0.00,0.00,0,0,,,,,1,0,0,8,,8,8,1,8,,0,0,0,8,,84,4,32,15,8,48,,14,23,15,8,,1,,0,,,1.50,8
File,"EA141.java",8,0,3,4,1,0.00,0.00,0,0,,,,,1,0,0,9,,9,9,3,9,,0,0,0,9,,81,2,37,14,13,42,,17,27,14,13,,1,,0,,,1.14,9
File,"EA142.java",10,0,4,6,1,0.00,0.00,0,0,,,,,1,0,0,8,,8,8,1,8,,0,0,0,8,,97,2,40,16,15,55,,17,28,16,13,,3,,2,,,1.38,10
File,"EA143.java",8,0,4,4,1,0.00,0.00,0,0,,,,,1,0,0,13,,13,13,5,13,,0,0,0,13,,117,2,55,20,21,60,,27,41,20,21,,1,,0,,,1.09,13
File,"EA144.java",6,0,5,1,1,0.00,0.00,0,0,,,,,1,0,0,33,,33,33,15,33,,0,0,0,33,,241,14,178,56,90,50,,94,128,53,75,,1,,0,,,0.28,33
File,"EA145.java",6,0,3,3,1,0.00,0.00,0,0,,,,,1,0,0,3,,3,3,1,3,,0,0,0,3,,33,3,15,8,3,15,,7,11,8,3,,1,,0,,,1.00,3
File,"EA146.java",5,0,4,0,1,0.00,0.00,0,0,,,,,1,0,0,25,,25,25,11,25,,0,0,0,25,,146,7,124,39,57,15,,63,89,39,50,,1,,0,,,0.12,25
File,"EA147.java",10,0,3,7,1,0.00,0.00,0,0,,,,,1,0,0,11,,11,11,1,11,,0,0,0,11,,127,3,41,18,11,83,,17,29,18,11,,1,,0,,,2.02,11
File,"EA148.java",9,0,4,4,1,0.00,0.00,0,0,,,,,1,0,0,6,,6,6,2,6,,0,0,0,6,,79,16,31,10,8,32,,11,18,10,8,,1,,0,,,1.03,6
File,"EA149.java",42,0,34,8,5,0.00,0.00,0,0,,,,,1,0,0,1,,1,1,0,1,,0,0,0,1,,57,3,41,18,28,13,,27,32,18,22,,5,,3,,,0.32,5
File,"EA150.java",36,0,31,5,5,0.00,0.00,0,0,,,,,1,0,0,8,,8,8,1,8,,0,0,0,8,,328,19,260,49,148,49,,106,144,49,108,,7,,3,,,0.19,37
File,"EA151.java",40,0,35,5,5,0.00,0.00,0,0,,,,,1,0,0,8,,8,8,1,8,,0,0,0,8,,350,18,286,63,176,46,,126,167,63,136,,7,,3,,,0.16,40
File,"EA152.java",13,0,7,5,2,0.00,0.00,0,0,,,,,1,0,0,3,,3,3,1,3,,0,0,0,3,,59,6,31,10,9,22,,11,17,10,7,,2,,1,,,0.71,5
File,"EA153.java",41,0,35,6,5,0.00,0.00,0,0,,,,,1,0,0,11,,11,11,1,11,,0,0,0,11,,480,19,389,86,236,72,,171,222,86,187,,7,,3,,,0.19,50
File,"EA154.java",41,0,34,7,5,0.00,0.00,0,0,,,,,1,0,0,16,,16,16,1,16,,0,1,0,15,,683,24,549,96,328,110,,222,305,96,252,,7,,3,,,0.20,82
File,"EA155.java",31,0,27,5,4,0.00,0.00,0,0,,,,,1,0,0,4,,4,4,1,4,,0,0,0,4,,148,10,115,23,60,23,,45,62,23,43,,6,,3,,,0.20,16
File,"EA156.java",9,0,6,3,1,0.00,0.00,0,0,,,,,1,3,2,4,,4,1,0,4,,0,2,0,2,,85,11,55,18,20,19,,26,32,17,16,,1,,0,,,0.35,4
File,"EA157.java",4,0,4,0,1,0.00,0.00,0,0,,,,,1,0,1,2,,2,2,0,2,,0,0,0,2,,18,1,12,6,2,5,,4,7,6,1,,1,,0,,,0.42,2
File,"EA158.java",40,0,35,5,5,0.00,0.00,0,0,,,,,1,0,0,8,,8,8,1,8,,0,0,0,8,,350,18,286,63,176,46,,126,167,63,136,,7,,3,,,0.16,40
File,"EA159.java",37,0,32,5,5,0.00,0.00,0,0,,,,,1,0,0,10,,10,10,1,10,,0,1,0,9,,409,23,331,58,193,55,,135,186,59,143,,8,,3,,,0.17,50
File,"EA160.java",41,0,36,6,5,0.00,0.00,0,0,,,,,1,0,0,9,,9,9,1,9,,0,0,0,9,,409,20,334,75,204,55,,145,194,75,158,,7,,3,,,0.16,48
File,"EA161.java",8,0,4,4,1,0.00,0.00,0,0,,,,,1,0,0,13,,13,13,5,13,,0,0,0,13,,119,4,55,20,21,60,,27,41,20,21,,1,,0,,,1.09,13
File,"EA162.java",9,0,3,6,1,0.00,0.00,0,0,,,,,1,0,0,8,,8,8,1,8,,0,0,0,8,,90,2,32,15,8,56,,14,23,15,8,,1,,0,,,1.75,8
File,"EA163.java",8,0,4,4,1,0.00,0.00,0,0,,,,,1,0,0,10,,10,10,4,10,,0,0,0,10,,108,19,43,16,16,46,,21,32,16,16,,1,,0,,,1.07,10
File,"EA164.java",9,0,3,6,1,0.00,0.00,0,0,,,,,1,0,0,8,,8,8,1,8,,0,0,0,8,,87,3,33,16,10,51,,15,24,16,10,,1,,0,,,1.55,8
File,"EA165.java",9,0,4,5,1,0.00,0.00,0,0,,,,,1,0,0,17,,17,17,6,17,,0,0,0,17,,181,20,74,25,31,87,,38,56,25,31,,1,,0,,,1.18,17
File,"EA166.java",12,2,10,0,1,0.00,0.00,0,0,,,,,1,0,0,1,,1,1,0,1,,0,0,0,1,,28,4,19,11,8,5,,15,17,11,7,,1,,0,,,0.26,1
File,"EA167.java",15,3,12,0,1,0.00,0.00,0,0,,,,,1,0,0,1,,1,1,0,1,,0,0,0,1,,35,7,23,18,10,5,,19,21,18,9,,1,,0,,,0.22,1
File,"EA168.java",131,12,112,8,5,0.00,0.00,0,0,,,,,1,0,1,3,,3,3,1,3,,0,2,0,1,,430,45,359,195,316,30,,312,329,190,300,,13,,3,,,0.08,16
File,"EA169.java",74,15,58,1,2,0.00,0.00,0,0,,,,,1,0,1,1,,1,1,0,1,,0,0,0,1,,96,18,72,42,55,6,,60,63,39,49,,2,,1,,,0.08,2
File,"EA170.java",199,16,182,2,5,0.00,0.00,0,0,,,,,1,0,1,1,,1,1,1,1,,0,0,0,1,,234,22,206,129,176,7,,185,191,126,165,,5,,3,,,0.03,5
File,"EA171.java",79,7,71,7,8,0.00,0.00,0,0,,,,,1,0,0,1,,1,1,0,1,,0,0,0,1,,103,10,87,33,56,12,,57,66,33,47,,8,,5,,,0.14,8
File,"EA172.java",110,7,99,13,10,0.00,0.00,0,0,,,,,1,0,0,1,,1,1,0,1,,0,0,0,1,,137,9,119,46,79,18,,81,92,46,68,,10,,6,,,0.15,10
File,"EA173.java",68,7,59,5,6,0.00,0.00,0,0,,,,,1,0,0,1,,1,1,0,1,,0,0,0,1,,92,10,75,31,46,10,,51,58,31,39,,6,,4,,,0.13,6
File,"EA174.java",50,5,44,3,4,0.00,0.00,0,0,,,,,1,0,0,1,,1,1,7,1,,0,0,0,1,,82,9,67,32,35,8,,51,56,32,30,,4,,3,,,0.12,4
File,"EA175.java",46,2,44,5,5,0.00,0.00,0,0,,,,,1,0,0,2,,2,2,15,2,,0,1,0,1,,133,8,120,42,72,15,,88,98,42,62,,8,,5,,,0.13,9
File,"EA176.java",47,4,42,3,4,0.00,0.00,0,0,,,,,1,0,0,1,,1,1,7,1,,0,0,0,1,,78,7,65,32,33,8,,49,54,32,28,,4,,3,,,0.12,4
File,"EA177.java",60,4,56,2,8,0.00,0.00,0,0,,,,,1,0,0,1,,1,1,0,1,,0,0,0,1,,87,6,76,37,44,7,,51,60,37,37,,8,,4,,,0.09,8
File,"EA178.java",13,2,11,0,2,0.00,0.00,0,0,,,,,1,0,0,1,,1,1,0,1,,0,0,0,1,,31,5,21,13,8,5,,15,18,13,7,,2,,1,,,0.24,2
File,"EA179.java",53,3,48,5,7,0.00,0.00,0,0,,,,,1,0,0,1,,1,1,4,1,,0,0,0,1,,81,8,66,26,38,10,,44,52,26,31,,7,,4,,,0.15,7
File,"EA180.java",73,5,66,4,6,0.00,0.00,0,0,,,,,1,0,0,1,,1,1,7,1,,0,0,0,1,,105,9,89,38,53,9,,65,72,38,46,,6,,4,,,0.10,6
File,"EA181.java",95,3,90,10,10,0.00,0.00,0,0,,,,,1,0,0,2,,2,2,7,2,,0,1,0,1,,224,9,205,47,145,25,,123,143,47,112,,18,,8,,,0.12,19
File,"EA182.java",74,6,66,4,6,0.00,0.00,0,0,,,,,1,0,0,1,,1,1,7,1,,0,0,0,1,,106,10,89,37,53,9,,65,72,37,46,,6,,4,,,0.10,6
File,"EA183.java",27,2,14,11,3,0.00,0.00,0,0,,,,,3,0,0,7,,7,7,6,7,,0,0,1,6,,234,31,118,49,70,92,,68,89,48,54,,7,,4,,,0.78,18
File,"EA184.java",34,4,29,1,3,0.00,0.00,0,0,,,,,1,0,0,1,,1,1,0,1,,0,0,0,1,,55,6,43,22,20,6,,31,35,22,16,,3,,2,,,0.14,3
File,"EA185.java",33,1,32,0,4,0.00,0.00,0,0,,,,,1,0,0,1,,1,1,0,1,,0,0,0,1,,54,2,47,24,22,5,,33,38,24,18,,4,,3,,,0.11,4
File,"EA186.java",35,3,32,2,4,0.00,0.00,0,0,,,,,1,1,0,2,,2,1,4,2,,0,1,0,1,,103,11,86,38,50,9,,62,71,39,44,,5,,4,,,0.10,8
File,"EA187.java",61,2,59,0,6,0.00,0.00,0,0,,,,,1,0,0,1,,1,1,8,1,,0,0,0,1,,94,4,84,34,46,6,,60,67,34,40,,6,,5,,,0.07,6
File,"EA188.java",35,2,33,0,4,0.00,0.00,0,0,,,,,1,0,0,1,,1,1,0,1,,0,0,0,1,,58,6,47,22,24,5,,31,36,22,19,,4,,3,,,0.11,4
File,"EA189.java",52,0,52,0,6,0.00,0.00,0,0,,,,,1,0,0,1,,1,1,0,1,,0,0,0,1,,77,3,69,30,39,5,,45,52,30,31,,6,,4,,,0.07,6
File,"EA190.java",37,2,35,0,4,0.00,0.00,0,0,,,,,1,0,0,1,,1,1,0,1,,0,0,0,1,,59,5,49,22,26,5,,33,38,22,21,,4,,3,,,0.10,4
File,"EA191.java",38,7,30,1,5,0.00,0.00,0,0,,,,,1,0,0,1,,1,1,0,1,,0,0,0,1,,57,10,41,20,25,6,,29,35,20,19,,5,,2,,,0.15,5
File,"EA192.java",204,20,180,5,5,0.00,0.00,0,0,,,,,1,0,0,1,,1,1,0,1,,0,0,0,1,,224,21,199,123,174,5,,179,185,121,163,,5,,3,,,0.03,5
File,"EA193.java",25,4,18,3,3,0.00,0.00,0,0,,,,,1,0,1,1,,1,1,0,1,,0,0,0,1,,46,7,31,19,15,8,,24,28,20,13,,3,,2,,,0.26,3
File,"EA194.java",19,3,15,1,2,0.00,0.00,0,0,,,,,1,0,1,1,,1,1,0,1,,0,0,0,1,,42,6,30,20,13,6,,23,26,20,10,,2,,1,,,0.20,2
Package,"Manager",9,0,3,6,1,,,,,,,,,6,0,0,,6,,46,6,46,,0,0,0,46,,518,17,193,88,55,308,,84,138,88,53,,3,,2,,,1.60,48
Public Class,"Manager.AccessManager",8,0,3,5,1,,,,,1,5,5,0,,0,0,,,,8,1,8,8,0,0,0,8,,76,1,27,10,8,48,,9,18,10,8,,1,1,0,0,0,1.78,8
Public Constructor,"Manager.AccessManager.AccessManager",,,,,,0.00,0.00,0,0,,,,,,,,,,,,,,,,,,,14,6,0,3,1,1,3,3,1,2,1,1,1,,,0,,,1.00,1
Public Method,"Manager.AccessManager.controllaAccesso",,,,,,0.00,0.00,0,0,,,,,,,,,,,,,,,,,,,4,11,0,3,1,1,8,2,1,2,1,1,1,,,0,,,2.67,1
Public Method,"Manager.AccessManager.controllaLogin",,,,,,0.00,0.00,0,0,,,,,,,,,,,,,,,,,,,4,10,0,3,1,1,7,2,1,2,1,1,1,,,0,,,2.33,1
Public Method,"Manager.AccessManager.eliminaAccesso",,,,,,0.00,0.00,0,0,,,,,,,,,,,,,,,,,,,6,9,0,3,1,1,6,2,1,2,1,1,1,,,0,,,2.00,1
Public Method,"Manager.AccessManager.getAccessi",,,,,,0.00,0.00,0,0,,,,,,,,,,,,,,,,,,,1,9,0,3,1,1,6,2,1,2,1,1,1,,,0,,,2.00,1
Public Method,"Manager.AccessManager.getAccesso",,,,,,0.00,0.00,0,0,,,,,,,,,,,,,,,,,,,11,9,0,3,1,1,6,2,1,2,1,1,1,,,0,,,2.00,1
Public Method,"Manager.AccessManager.inserisciAccesso",,,,,,0.00,0.00,0,0,,,,,,,,,,,,,,,,,,,5,10,0,3,1,1,7,2,1,2,1,1,1,,,0,,,2.33,1
Public Method,"Manager.AccessManager.modificaAccesso",,,,,,0.00,0.00,0,0,,,,,,,,,,,,,,,,,,,7,3,0,3,1,1,0,2,1,2,1,1,1,,,0,,,0.00,1
Public Class,"Manager.AdminManager",10,0,4,6,1,,,,,1,5,5,0,,0,0,,,,8,1,8,8,0,0,0,8,,90,0,35,11,15,55,,12,23,11,13,,3,1,2,0,0,1.57,10
Public Constructor,"Manager.AdminManager.AdminManager",,,,,,0.00,0.00,0,0,,,,,,,,,,,,,,,,,,,5,6,0,3,1,1,3,3,1,2,1,1,1,,,0,,,1.00,1
Public Method,"Manager.AdminManager.eliminaAmministratore",,,,,,0.00,0.00,0,0,,,,,,,,,,,,,,,,,,,3,18,0,11,2,8,7,4,4,7,2,6,3,,,2,,,0.64,3
Public Method,"Manager.AdminManager.getAmministratoreByLogin",,,,,,0.00,0.00,0,0,,,,,,,,,,,,,,,,,,,3,10,0,3,1,1,7,2,1,2,1,1,1,,,0,,,2.33,1
Public Method,"Manager.AdminManager.getAmministratoreByName",,,,,,0.00,0.00,0,0,,,,,,,,,,,,,,,,,,,3,10,0,3,1,1,7,2,1,2,1,1,1,,,0,,,2.33,1
Public Method,"Manager.AdminManager.getAmministratori",,,,,,0.00,0.00,0,0,,,,,,,,,,,,,,,,,,,1,8,0,3,1,1,5,2,1,2,1,1,1,,,0,,,1.67,1
Public Method,"Manager.AdminManager.inserisciAdmin",,,,,,0.00,0.00,0,0,,,,,,,,,,,,,,,,,,,3,10,0,3,1,1,7,2,1,2,1,1,1,,,0,,,2.33,1
Public Method,"Manager.AdminManager.modificaAdmin",,,,,,0.00,0.00,0,0,,,,,,,,,,,,,,,,,,,4,10,0,3,1,1,7,2,1,2,1,1,1,,,0,,,2.33,1
Public Method,"Manager.AdminManager.ricercaAdminByMatricola",,,,,,0.00,0.00,0,0,,,,,,,,,,,,,,,,,,,5,10,0,3,1,1,7,2,1,2,1,1,1,,,0,,,2.33,1
Public Class,"Manager.CIManager",6,0,3,3,1,,,,,1,4,4,0,,0,0,,,,3,1,3,3,0,0,0,3,,29,2,12,5,3,15,,4,8,5,3,,1,1,0,0,0,1.25,3
Public Constructor,"Manager.CIManager.CIManager",,,,,,0.00,0.00,0,0,,,,,,,,,,,,,,,,,,,7,6,0,3,1,1,3,3,1,2,1,1,1,,,0,,,1.00,1
Public Method,"Manager.CIManager.getCartaByIdCStri",,,,,,0.00,0.00,0,0,,,,,,,,,,,,,,,,,,,4,3,0,3,1,1,0,2,1,2,1,1,1,,,0,,,0.00,1
Public Method,"Manager.CIManager.getCartaByNumero",,,,,,0.00,0.00,0,0,,,,,,,,,,,,,,,,,,,7,10,0,3,1,1,7,2,1,2,1,1,1,,,0,,,2.33,1
Public Class,"Manager.CittadinoManager",10,0,3,7,1,,,,,1,5,5,0,,0,0,,,,11,1,11,11,0,0,0,11,,120,1,36,13,11,83,,12,24,13,11,,1,1,0,0,0,2.31,11
Public Constructor,"Manager.CittadinoManager.CittadinoManager",,,,,,0.00,0.00,0,0,,,,,,,,,,,,,,,,,,,9,6,0,3,1,1,3,3,1,2,1,1,1,,,0,,,1.00,1
Public Method,"Manager.CittadinoManager.cancellaCittadino",,,,,,0.00,0.00,0,0,,,,,,,,,,,,,,,,,,,4,10,0,3,1,1,7,2,1,2,1,1,1,,,0,,,2.33,1
Public Method,"Manager.CittadinoManager.getCittadinoById",,,,,,0.00,0.00,0,0,,,,,,,,,,,,,,,,,,,8,10,0,3,1,1,7,2,1,2,1,1,1,,,0,,,2.33,1
Public Method,"Manager.CittadinoManager.getCittadinoByLogin",,,,,,0.00,0.00,0,0,,,,,,,,,,,,,,,,,,,3,10,0,3,1,1,7,2,1,2,1,1,1,,,0,,,2.33,1
Public Method,"Manager.CittadinoManager.inserisciCittadino",,,,,,0.00,0.00,0,0,,,,,,,,,,,,,,,,,,,3,10,0,3,1,1,7,2,1,2,1,1,1,,,0,,,2.33,1
Public Method,"Manager.CittadinoManager.modificaCognome",,,,,,0.00,0.00,0,0,,,,,,,,,,,,,,,,,,,4,11,0,3,1,1,8,2,1,2,1,1,1,,,0,,,2.67,1
Public Method,"Manager.CittadinoManager.modificaEmail",,,,,,0.00,0.00,0,0,,,,,,,,,,,,,,,,,,,5,11,0,3,1,1,8,2,1,2,1,1,1,,,0,,,2.67,1
Public Method,"Manager.CittadinoManager.modificaLogin",,,,,,0.00,0.00,0,0,,,,,,,,,,,,,,,,,,,4,10,0,3,1,1,7,2,1,2,1,1,1,,,0,,,2.33,1
Public Method,"Manager.CittadinoManager.modificaNome",,,,,,0.00,0.00,0,0,,,,,,,,,,,,,,,,,,,4,11,0,3,1,1,8,2,1,2,1,1,1,,,0,,,2.67,1
Public Method,"Manager.CittadinoManager.modificaNucleoFamiliare",,,,,,0.00,0.00,0,0,,,,,,,,,,,,,,,,,,,5,11,0,3,1,1,8,2,1,2,1,1,1,,,0,,,2.67,1
Public Method,"Manager.CittadinoManager.ricercaCittadino",,,,,,0.00,0.00,0,0,,,,,,,,,,,,,,,,,,,4,11,0,3,1,1,8,2,1,2,1,1,1,,,0,,,2.67,1
Public Class,"Manager.ImpiegatoManager",9,0,3,6,1,,,,,1,5,5,0,,0,0,,,,8,1,8,8,0,0,0,8,,83,0,27,10,8,56,,9,18,10,8,,1,1,0,0,0,2.07,8
Public Constructor,"Manager.ImpiegatoManager.ImpiegatoManager",,,,,,0.00,0.00,0,0,,,,,,,,,,,,,,,,,,,5,6,0,3,1,1,3,3,1,2,1,1,1,,,0,,,1.00,1
Public Method,"Manager.ImpiegatoManager.eliminaImpiegato",,,,,,0.00,0.00,0,0,,,,,,,,,,,,,,,,,,,3,10,0,3,1,1,7,2,1,2,1,1,1,,,0,,,2.33,1
Public Method,"Manager.ImpiegatoManager.getImpiegati",,,,,,0.00,0.00,0,0,,,,,,,,,,,,,,,,,,,1,9,0,3,1,1,6,2,1,2,1,1,1,,,0,,,2.00,1
Public Method,"Manager.ImpiegatoManager.getImpiegatoByLogin",,,,,,0.00,0.00,0,0,,,,,,,,,,,,,,,,,,,3,10,0,3,1,1,7,2,1,2,1,1,1,,,0,,,2.33,1
Public Method,"Manager.ImpiegatoManager.getImpiegatoByName",,,,,,0.00,0.00,0,0,,,,,,,,,,,,,,,,,,,3,10,0,3,1,1,7,2,1,2,1,1,1,,,0,,,2.33,1
Public Method,"Manager.ImpiegatoManager.inserisciImpiegato",,,,,,0.00,0.00,0,0,,,,,,,,,,,,,,,,,,,3,10,0,3,1,1,7,2,1,2,1,1,1,,,0,,,2.33,1
Public Method,"Manager.ImpiegatoManager.modificaImpiegato",,,,,,0.00,0.00,0,0,,,,,,,,,,,,,,,,,,,4,10,0,3,1,1,7,2,1,2,1,1,1,,,0,,,2.33,1
Public Method,"Manager.ImpiegatoManager.ricercaImpiegatoByMatricola",,,,,,0.00,0.00,0,0,,,,,,,,,,,,,,,,,,,5,10,0,3,1,1,7,2,1,2,1,1,1,,,0,,,2.33,1
Public Class,"Manager.NucleoFamiliareManager",9,0,3,6,1,,,,,1,2,2,0,,0,0,,,,8,1,8,8,0,0,0,8,,82,2,29,12,10,51,,11,20,12,10,,1,1,0,0,0,1.76,8
Public Constructor,"Manager.NucleoFamiliareManager.NucleoFamiliareManager",,,,,,0.00,0.00,0,0,,,,,,,,,,,,,,,,,,,4,6,0,3,1,1,3,3,1,2,1,1,1,,,0,,,1.00,1
Public Method,"Manager.NucleoFamiliareManager.controllaidFamiglia",,,,,,0.00,0.00,0,0,,,,,,,,,,,,,,,,,,,4,10,0,3,1,1,7,2,1,2,1,1,1,,,0,,,2.33,1
Public Method,"Manager.NucleoFamiliareManager.decrementaComponenti",,,,,,0.00,0.00,0,0,,,,,,,,,,,,,,,,,,,4,11,0,4,2,2,7,3,2,3,2,2,1,,,0,,,1.75,1
Public Method,"Manager.NucleoFamiliareManager.getNComponentiNucleo",,,,,,0.00,0.00,0,0,,,,,,,,,,,,,,,,,,,7,10,0,3,1,1,7,3,1,2,1,1,1,,,0,,,2.33,1
Public Method,"Manager.NucleoFamiliareManager.getNucleo",,,,,,0.00,0.00,0,0,,,,,,,,,,,,,,,,,,,4,3,0,3,1,1,0,2,1,2,1,1,1,,,0,,,0.00,1
Public Method,"Manager.NucleoFamiliareManager.incrementaComponenti",,,,,,0.00,0.00,0,0,,,,,,,,,,,,,,,,,,,4,11,0,4,2,2,7,3,2,3,2,2,1,,,0,,,1.75,1
Public Method,"Manager.NucleoFamiliareManager.inserisciNucleo",,,,,,0.00,0.00,0,0,,,,,,,,,,,,,,,,,,,4,10,0,3,1,1,7,2,1,2,1,1,1,,,0,,,2.33,1
Public Method,"Manager.NucleoFamiliareManager.setCapoFamiglia",,,,,,0.00,0.00,0,0,,,,,,,,,,,,,,,,,,,5,11,0,3,1,1,8,2,1,2,1,1,1,,,0,,,2.67,1
Package,"Servlet",59,5,51,5,5,,,,,,,,,32,1,5,,30,,40,74,41,,0,5,1,35,,3242,311,2643,1250,1779,360,,1976,2194,1238,1553,,18,,8,,,0.14,187
Public Class,"Servlet.ControllerFiles",42,0,34,8,5,,,,,1,13,13,0,,0,0,,,,1,0,1,1,0,0,0,1,,49,1,35,13,28,13,,22,27,13,22,,5,2,3,0,0,0.37,5
Public Method,"Servlet.ControllerFiles.doPost",,,,,,0.00,0.00,0,0,,,,,,,,,,,,,,,,,,,5,42,0,34,12,28,8,14,22,26,12,22,5,,,3,,,0.24,5
Public Class,"Servlet.ServletAnnulla",12,2,10,0,1,,,,,1,6,6,0,,0,0,,,,1,0,1,1,0,0,0,1,,19,2,12,4,8,5,,8,10,4,7,,1,2,0,0,0,0.42,1
Public Method,"Servlet.ServletAnnulla.doGet",,,,,,0.00,0.00,0,0,,,,,,,,,,,,,,,,,,,2,12,2,10,3,8,0,3,8,9,3,7,1,,,0,,,0.00,1
Public Class,"Servlet.ServletCaricaPratica",15,3,12,0,1,,,,,1,10,10,0,,0,0,,,,1,0,1,1,0,0,0,1,,24,5,14,9,10,5,,10,12,9,9,,1,2,0,0,0,0.36,1
Public Method,"Servlet.ServletCaricaPratica.doGet",,,,,,0.00,0.00,0,0,,,,,,,,,,,,,,,,,,,3,15,3,12,8,10,0,9,10,11,8,9,1,,,0,,,0.00,1
Public Class,"Servlet.ServletCreaPdfCambioAbitazione",131,12,112,8,5,,,,,1,25,25,0,,0,1,,,,3,1,3,3,0,2,0,1,,405,40,339,175,316,30,,292,309,170,300,,13,2,3,0,0,0.09,16
Private Method,"Servlet.ServletCreaPdfCambioAbitazione.aggiornaDB",,,,,,0.00,0.00,0,0,,,,,,,,,,,,,,,,,,,5,5,0,5,3,3,0,5,3,4,3,3,1,,,0,,,0.00,1
Private Method,"Servlet.ServletCreaPdfCambioAbitazione.cancellaDB",,,,,,0.00,0.00,0,0,,,,,,,,,,,,,,,,,,,4,16,1,14,8,11,2,14,10,12,8,10,2,,,1,,,0.14,2
Public Method,"Servlet.ServletCreaPdfCambioAbitazione.doPost",,,,,,0.00,0.00,0,0,,,,,,,,,,,,,,,,,,,15,372,36,316,161,301,23,20,277,290,156,287,13,,,3,,,0.07,13
Public Class,"Servlet.ServletCreaPdfCertificati",74,15,58,1,2,,,,,1,12,12,0,,0,1,,,,1,0,1,1,0,0,0,1,,83,16,61,31,55,6,,49,52,28,49,,2,2,1,0,0,0.10,2
Public Method,"Servlet.ServletCreaPdfCertificati.doPost",,,,,,0.00,0.00,0,0,,,,,,,,,,,,,,,,,,,12,74,15,58,29,54,1,11,48,50,26,49,2,,,1,,,0.02,2
Public Class,"Servlet.ServletCreaPdfCittadino",199,16,182,2,5,,,,,1,16,16,0,,0,1,,,,1,1,1,1,0,0,0,1,,208,17,185,109,176,7,,165,171,106,165,,5,2,3,0,0,0.04,5
Public Method,"Servlet.ServletCreaPdfCittadino.doPost",,,,,,0.00,0.00,0,0,,,,,,,,,,,,,,,,,,,14,199,16,182,106,175,2,16,163,168,103,165,5,,,3,,,0.01,5
Public Class,"Servlet.ServletEliminaAmministratore",79,7,71,7,8,,,,,1,13,13,0,,0,0,,,,1,0,1,1,0,0,0,1,,87,8,73,19,56,12,,43,52,19,47,,8,2,5,0,0,0.16,8
Public Method,"Servlet.ServletEliminaAmministratore.doPost",,,,,,0.00,0.00,0,0,,,,,,,,,,,,,,,,,,,3,79,7,71,18,56,7,20,43,51,18,47,8,,,5,,,0.10,8
Public Class,"Servlet.ServletEliminaCittadino",110,7,99,13,10,,,,,1,17,17,0,,0,0,,,,1,0,1,1,0,0,0,1,,118,8,101,28,79,18,,63,74,28,68,,10,2,6,0,0,0.18,10
Public Method,"Servlet.ServletEliminaCittadino.doPost",,,,,,0.00,0.00,0,0,,,,,,,,,,,,,,,,,,,3,110,7,99,27,79,13,31,63,73,27,68,10,,,6,,,0.13,10
Public Class,"Servlet.ServletEliminaImpiegato",68,7,59,5,6,,,,,1,13,13,0,,0,0,,,,1,0,1,1,0,0,0,1,,76,8,61,17,46,10,,37,44,17,39,,6,2,4,0,0,0.16,6
Public Method,"Servlet.ServletEliminaImpiegato.doPost",,,,,,0.00,0.00,0,0,,,,,,,,,,,,,,,,,,,3,68,7,59,16,46,5,18,37,43,16,39,6,,,4,,,0.08,6
Public Class,"Servlet.ServletInserisciAmministratore",50,5,44,3,4,,,,,1,13,13,0,,0,0,,,,1,7,1,1,0,0,0,1,,65,6,53,18,35,8,,37,42,18,30,,4,2,3,0,0,0.15,4
Public Method,"Servlet.ServletInserisciAmministratore.doPost",,,,,,0.00,0.00,0,0,,,,,,,,,,,,,,,,,,,10,50,5,44,10,35,3,21,30,34,10,30,4,,,3,,,0.07,4
Public Class,"Servlet.ServletInserisciCittadino",46,2,44,5,5,,,,,1,14,14,0,,0,0,,,,2,15,2,2,0,1,0,1,,117,7,105,27,72,15,,73,83,27,62,,8,2,5,43,43,0.14,9
Private Method,"Servlet.ServletInserisciCittadino.creaNucleoF",,,,,,0.00,0.00,0,0,,,,,,,,,,,,,,,,,,,3,7,0,7,2,5,0,7,5,6,2,5,1,,,0,,,0.00,1
Public Method,"Servlet.ServletInserisciCittadino.doPost",,,,,,0.00,0.00,0,0,,,,,,,,,,,,,,,,,,,18,85,4,81,9,66,10,38,53,61,9,56,8,,,5,,,0.12,8
Public Class,"Servlet.ServletInserisciImpiegato",47,4,42,3,4,,,,,1,13,13,0,,0,0,,,,1,7,1,1,0,0,0,1,,61,5,50,18,33,8,,35,40,18,28,,4,2,3,0,0,0.16,4
Public Method,"Servlet.ServletInserisciImpiegato.doPost",,,,,,0.00,0.00,0,0,,,,,,,,,,,,,,,,,,,10,47,4,42,10,33,3,21,28,32,10,28,4,,,3,,,0.07,4
Public Class,"Servlet.ServletLogin",60,4,56,2,8,,,,,1,17,17,0,,0,0,,,,1,0,1,1,0,0,0,1,,67,5,57,19,44,7,,33,42,19,37,,8,2,4,0,0,0.12,8
Public Method,"Servlet.ServletLogin.doPost",,,,,,0.00,0.00,0,0,,,,,,,,,,,,,,,,,,,3,60,4,56,18,44,2,20,33,41,18,37,8,,,4,,,0.04,8
Public Class,"Servlet.ServletLogout",13,2,11,0,2,,,,,1,7,7,0,,0,0,,,,1,0,1,1,0,0,0,1,,20,2,13,5,8,5,,7,10,5,7,,2,2,1,0,0,0.38,2
Public Method,"Servlet.ServletLogout.doGet",,,,,,0.00,0.00,0,0,,,,,,,,,,,,,,,,,,,2,13,2,11,4,8,0,4,7,9,4,7,2,,,1,,,0.00,2
Public Class,"Servlet.ServletModificaAccesso",53,3,48,5,7,,,,,1,11,11,0,,0,0,,,,1,4,1,1,0,0,0,1,,66,5,54,14,38,10,,32,40,14,31,,7,2,4,0,0,0.19,7
Public Method,"Servlet.ServletModificaAccesso.doPost",,,,,,0.00,0.00,0,0,,,,,,,,,,,,,,,,,,,6,53,3,48,9,38,5,20,28,35,9,31,7,,,4,,,0.10,7
Public Class,"Servlet.ServletModificaAmministratore",73,5,66,4,6,,,,,1,13,13,0,,0,0,,,,1,7,1,1,0,0,0,1,,89,7,75,24,53,9,,51,58,24,46,,6,2,4,0,0,0.12,6
Public Method,"Servlet.ServletModificaAmministratore.doPost",,,,,,0.00,0.00,0,0,,,,,,,,,,,,,,,,,,,10,73,5,66,16,53,4,27,44,50,16,46,6,,,4,,,0.06,6
Public Class,"Servlet.ServletModificaCittadino",95,3,90,10,10,,,,,1,15,15,0,,0,0,,,,2,7,2,2,0,1,0,1,,207,8,189,31,145,25,,107,127,31,112,,18,2,8,36,36,0.13,19
Private Method,"Servlet.ServletModificaCittadino.creaNucleoF",,,,,,0.00,0.00,0,0,,,,,,,,,,,,,,,,,,,3,7,0,7,2,5,0,7,5,6,2,5,1,,,0,,,0.00,1
Public Method,"Servlet.ServletModificaCittadino.doPost",,,,,,0.00,0.00,0,0,,,,,,,,,,,,,,,,,,,11,183,5,173,21,140,20,40,95,113,21,107,18,,,8,,,0.12,18
Public Class,"Servlet.ServletModificaImpiegato",74,6,66,4,6,,,,,1,13,13,0,,0,0,,,,1,7,1,1,0,0,0,1,,90,8,75,23,53,9,,51,58,23,46,,6,2,4,0,0,0.12,6
Public Method,"Servlet.ServletModificaImpiegato.doPost",,,,,,0.00,0.00,0,0,,,,,,,,,,,,,,,,,,,10,74,6,66,15,53,4,27,44,50,15,46,6,,,4,,,0.06,6
Public Class,"Servlet.ServletModificaResidenza",3,0,3,0,1,,,,,1,2,2,0,,0,0,,,,1,0,1,1,0,0,0,1,,224,30,109,41,70,92,,60,81,40,54,,1,2,0,0,0,0.84,1
Public Class,"Servlet.ServletModificaResidenza.CercaFiles",40,3,21,18,3,,,,,1,13,13,0,,0,0,,,,4,4,4,4,0,0,1,3,,219,29,105,39,69,92,,59,78,38,53,,7,1,4,88,75,0.88,13
Public Constructor,"Servlet.ServletModificaResidenza.CercaFiles.CercaFiles",,,,,,0.00,0.00,0,0,,,,,,,,,,,,,,,,,,,1,3,0,2,1,0,1,1,0,1,1,0,1,,,0,,,0.50,1
Class,"Servlet.ServletModificaResidenza.CercaFiles.Filter",13,3,7,3,2,,,,,2,2,2,0,,0,0,,,,2,2,2,2,0,0,0,2,,33,7,17,7,10,9,,9,14,7,8,,3,1,1,0,0,0.53,4
Public Constructor,"Servlet.ServletModificaResidenza.CercaFiles.Filter.Filter",,,,,,0.00,0.00,0,0,,,,,,,,,,,,,,,,,,,3,4,0,4,1,2,0,3,2,3,1,2,1,,,0,,,0.00,1
Public Method,"Servlet.ServletModificaResidenza.CercaFiles.Filter.accept",,,,,,0.00,0.00,0,0,,,,,,,,,,,,,,,,,,,4,21,5,10,4,8,6,6,6,9,4,6,3,,,1,,,0.60,3
Public Method,"Servlet.ServletModificaResidenza.CercaFiles.doPost",,,,,,0.00,0.00,0,0,,,,,,,,,,,,,,,,,,,3,94,2,48,14,34,50,15,28,35,13,28,7,,,4,,,1.04,7
Protected Method,"Servlet.ServletModificaResidenza.CercaFiles.esploraFile",,,,,,0.00,0.00,0,0,,,,,,,,,,,,,,,,,,,5,19,2,8,2,5,9,3,3,5,2,4,2,,,1,,,1.13,2
Public Method,"Servlet.ServletModificaResidenza.CercaFiles.main",,,,,,0.00,0.00,0,0,,,,,,,,,,,,,,,,,,,5,42,7,24,10,19,12,7,15,18,10,13,3,,,2,,,0.50,3
Public Method,"Servlet.ServletModificaResidenza.init",,,,,,0.00,0.00,0,0,,,,,,,,,,,,,,,,,,,1,3,0,3,1,1,0,1,1,2,1,1,1,,,0,,,0.00,1
Public Class,"Servlet.ServletMostraAccesso",34,4,29,1,3,,,,,1,11,11,0,,0,0,,,,1,0,1,1,0,0,0,1,,41,4,31,10,20,6,,19,23,10,16,,3,2,2,0,0,0.19,3
Public Method,"Servlet.ServletMostraAccesso.doGet",,,,,,0.00,0.00,0,0,,,,,,,,,,,,,,,,,,,3,34,4,29,9,20,1,10,19,22,9,16,3,,,2,,,0.03,3
Public Class,"Servlet.ServletMostraAccessoA",33,1,32,0,4,,,,,1,12,12,0,,0,0,,,,1,0,1,1,0,0,0,1,,40,1,34,11,22,5,,20,25,11,18,,4,2,3,0,0,0.15,4
Public Method,"Servlet.ServletMostraAccessoA.doGet",,,,,,0.00,0.00,0,0,,,,,,,,,,,,,,,,,,,3,33,1,32,10,22,0,11,20,24,10,18,4,,,3,,,0.00,4
Public Class,"Servlet.ServletRecuperoPassword",35,3,32,2,4,,,,,1,15,15,0,,1,0,,,,1,4,2,2,0,1,0,1,,86,10,70,22,50,9,,46,55,23,44,,5,2,4,63,63,0.13,8
Public Method,"Servlet.ServletRecuperoPassword.doPost",,,,,,0.00,0.00,0,0,,,,,,,,,,,,,,,,,,,5,56,5,50,11,39,2,23,32,37,11,34,5,,,4,,,0.04,5
Private Static Method,"Servlet.ServletRecuperoPassword.generaPassword",,,,,,0.00,0.00,0,0,,,,,,,,,,,,,,,,,,,1,14,0,14,6,11,2,3,10,13,7,10,3,,,2,,,0.14,3
Public Class,"Servlet.ServletRegistraCittadino",61,2,59,0,6,,,,,1,14,14,0,,0,0,,,,1,8,1,1,0,0,0,1,,78,3,69,19,46,6,,45,52,19,40,,6,2,5,0,0,0.09,6
Public Method,"Servlet.ServletRegistraCittadino.doPost",,,,,,0.00,0.00,0,0,,,,,,,,,,,,,,,,,,,11,61,2,59,10,46,0,31,37,43,10,40,6,,,5,,,0.00,6
Public Class,"Servlet.ServletRicercaAmministratore",35,2,33,0,4,,,,,1,11,11,0,,0,0,,,,1,0,1,1,0,0,0,1,,42,3,34,10,24,5,,19,24,10,19,,4,2,3,0,0,0.15,4
Public Method,"Servlet.ServletRicercaAmministratore.doPost",,,,,,0.00,0.00,0,0,,,,,,,,,,,,,,,,,,,3,35,2,33,9,24,0,10,19,23,9,19,4,,,3,,,0.00,4
Public Class,"Servlet.ServletRicercaCittadino",52,0,52,0,6,,,,,1,14,14,0,,0,0,,,,1,0,1,1,0,0,0,1,,61,2,54,15,39,5,,30,37,15,31,,6,2,4,0,0,0.09,6
Public Method,"Servlet.ServletRicercaCittadino.doPost",,,,,,0.00,0.00,0,0,,,,,,,,,,,,,,,,,,,3,52,0,52,14,39,0,16,30,36,14,31,6,,,4,,,0.00,6
Public Class,"Servlet.ServletRicercaImpiegato",37,2,35,0,4,,,,,1,11,11,0,,0,0,,,,1,0,1,1,0,0,0,1,,44,2,37,10,26,5,,21,26,10,21,,4,2,3,0,0,0.14,4
Public Method,"Servlet.ServletRicercaImpiegato.doPost",,,,,,0.00,0.00,0,0,,,,,,,,,,,,,,,,,,,3,37,2,35,9,26,0,10,21,25,9,21,4,,,3,,,0.00,4
Public Class,"Servlet.ServletRicercaPratica",38,7,30,1,5,,,,,1,11,11,0,,0,0,,,,1,0,1,1,0,0,0,1,,46,8,32,11,25,6,,20,26,11,19,,5,2,2,0,0,0.19,5
Public Method,"Servlet.ServletRicercaPratica.doPost",,,,,,0.00,0.00,0,0,,,,,,,,,,,,,,,,,,,6,38,7,30,10,25,1,13,20,25,10,19,5,,,2,,,0.03,5
Public Class,"Servlet.ServletRisposta",204,20,180,5,5,,,,,1,19,19,0,,0,0,,,,1,0,1,1,0,0,0,1,,207,21,182,106,174,5,,162,168,104,163,,5,2,3,0,0,0.03,5
Public Method,"Servlet.ServletRisposta.doPost",,,,,,0.00,0.00,0,0,,,,,,,,,,,,,,,,,,,14,204,20,180,105,174,5,20,162,167,103,163,5,,,3,,,0.03,5
Public Class,"Servlet.ServletStatoDiFamiglia",25,4,18,3,3,,,,,1,11,11,0,,0,1,,,,1,0,1,1,0,0,0,1,,34,5,21,9,15,8,,14,18,10,13,,3,2,2,0,0,0.38,3
Public Method,"Servlet.ServletStatoDiFamiglia.doGet",,,,,,0.00,0.00,0,0,,,,,,,,,,,,,,,,,,,6,25,4,18,7,14,3,14,13,16,8,13,3,,,2,,,0.17,3
Public Class,"Servlet.ServletVisualizzaPratiche",19,3,15,1,2,,,,,1,11,11,0,,0,1,,,,1,0,1,1,0,0,0,1,,28,4,18,8,13,6,,11,14,8,10,,2,2,1,0,0,0.33,2
Public Method,"Servlet.ServletVisualizzaPratiche.doGet",,,,,,0.00,0.00,0,0,,,,,,,,,,,,,,,,,,,3,19,3,15,6,12,1,8,10,12,6,10,2,,,1,,,0.07,2
Unknown Annotation,"SuppressWarnings",,,,,,,,,,,,,,,,,,,,,,,,,,,,,,,,,,,,,,,,,,,,,,0.00,
Unknown Method,"add",,,,,,0.00,0.00,0,0,,,,,,,,,,,,,,,,,,,,,,,,,,,,,,,,,,,,,,
Unknown Method,"addCell",,,,,,0.00,0.00,0,0,,,,,,,,,,,,,,,,,,,,,,,,,,,,,,,,,,,,,,
Unknown Method,"addElement",,,,,,0.00,0.00,0,0,,,,,,,,,,,,,,,,,,,,,,,,,,,,,,,,,,,,,,
Unknown Method,"available",,,,,,0.00,0.00,0,0,,,,,,,,,,,,,,,,,,,,,,,,,,,,,,,,,,,,,,
Unknown Method,"close",,,,,,0.00,0.00,0,0,,,,,,,,,,,,,,,,,,,,,,,,,,,,,,,,,,,,,,
Unknown Method,"concat",,,,,,0.00,0.00,0,0,,,,,,,,,,,,,,,,,,,,,,,,,,,,,,,,,,,,,,
Unknown Method,"contains",,,,,,0.00,0.00,0,0,,,,,,,,,,,,,,,,,,,,,,,,,,,,,,,,,,,,,,
Unknown Method,"createStatement",,,,,,0.00,0.00,0,0,,,,,,,,,,,,,,,,,,,,,,,,,,,,,,,,,,,,,,
Unknown Method,"equals",,,,,,0.00,0.00,0,0,,,,,,,,,,,,,,,,,,,,,,,,,,,,,,,,,,,,,,
Unknown Method,"equalsIgnoreCase",,,,,,0.00,0.00,0,0,,,,,,,,,,,,,,,,,,,,,,,,,,,,,,,,,,,,,,
Unknown Method,"executeQuery",,,,,,0.00,0.00,0,0,,,,,,,,,,,,,,,,,,,,,,,,,,,,,,,,,,,,,,
Unknown Method,"executeUpdate",,,,,,0.00,0.00,0,0,,,,,,,,,,,,,,,,,,,,,,,,,,,,,,,,,,,,,,
Unknown Method,"forward",,,,,,0.00,0.00,0,0,,,,,,,,,,,,,,,,,,,,,,,,,,,,,,,,,,,,,,
Unknown Method,"get",,,,,,0.00,0.00,0,0,,,,,,,,,,,,,,,,,,,,,,,,,,,,,,,,,,,,,,
Unknown Method,"getAttribute",,,,,,0.00,0.00,0,0,,,,,,,,,,,,,,,,,,,,,,,,,,,,,,,,,,,,,,
Unknown Method,"getConnection",,,,,,0.00,0.00,0,0,,,,,,,,,,,,,,,,,,,,,,,,,,,,,,,,,,,,,,
Unknown Method,"getDate",,,,,,0.00,0.00,0,0,,,,,,,,,,,,,,,,,,,,,,,,,,,,,,,,,,,,,,
Unknown Method,"getDouble",,,,,,0.00,0.00,0,0,,,,,,,,,,,,,,,,,,,,,,,,,,,,,,,,,,,,,,
Unknown Method,"getFile",,,,,,0.00,0.00,0,0,,,,,,,,,,,,,,,,,,,,,,,,,,,,,,,,,,,,,,
Unknown Method,"getInstance",,,,,,0.00,0.00,0,0,,,,,,,,,,,,,,,,,,,,,,,,,,,,,,,,,,,,,,
Unknown Method,"getInt",,,,,,0.00,0.00,0,0,,,,,,,,,,,,,,,,,,,,,,,,,,,,,,,,,,,,,,
Unknown Method,"getMessage",,,,,,0.00,0.00,0,0,,,,,,,,,,,,,,,,,,,,,,,,,,,,,,,,,,,,,,
Unknown Method,"getMimeType",,,,,,0.00,0.00,0,0,,,,,,,,,,,,,,,,,,,,,,,,,,,,,,,,,,,,,,
Unknown Method,"getMonth",,,,,,0.00,0.00,0,0,,,,,,,,,,,,,,,,,,,,,,,,,,,,,,,,,,,,,,
Unknown Method,"getName",,,,,,0.00,0.00,0,0,,,,,,,,,,,,,,,,,,,,,,,,,,,,,,,,,,,,,,
Unknown Method,"getNome",,,,,,0.00,0.00,0,0,,,,,,,,,,,,,,,,,,,,,,,,,,,,,,,,,,,,,,
Unknown Method,"getOriginalFileName",,,,,,0.00,0.00,0,0,,,,,,,,,,,,,,,,,,,,,,,,,,,,,,,,,,,,,,
Unknown Method,"getOutputStream",,,,,,0.00,0.00,0,0,,,,,,,,,,,,,,,,,,,,,,,,,,,,,,,,,,,,,,
Unknown Method,"getParameter",,,,,,0.00,0.00,0,0,,,,,,,,,,,,,,,,,,,,,,,,,,,,,,,,,,,,,,
Unknown Method,"getProperty",,,,,,0.00,0.00,0,0,,,,,,,,,,,,,,,,,,,,,,,,,,,,,,,,,,,,,,
Unknown Method,"getRequestDispatcher",,,,,,0.00,0.00,0,0,,,,,,,,,,,,,,,,,,,,,,,,,,,,,,,,,,,,,,
Unknown Method,"getRequestURL",,,,,,0.00,0.00,0,0,,,,,,,,,,,,,,,,,,,,,,,,,,,,,,,,,,,,,,
Unknown Method,"getServletContext",,,,,,0.00,0.00,0,0,,,,,,,,,,,,,,,,,,,,,,,,,,,,,,,,,,,,,,
Unknown Method,"getSession",,,,,,0.00,0.00,0,0,,,,,,,,,,,,,,,,,,,,,,,,,,,,,,,,,,,,,,
Unknown Method,"getString",,,,,,0.00,0.00,0,0,,,,,,,,,,,,,,,,,,,,,,,,,,,,,,,,,,,,,,
Unknown Method,"getYear",,,,,,0.00,0.00,0,0,,,,,,,,,,,,,,,,,,,,,,,,,,,,,,,,,,,,,,
Unknown Method,"indexOf",,,,,,0.00,0.00,0,0,,,,,,,,,,,,,,,,,,,,,,,,,,,,,,,,,,,,,,
Unknown Method,"init",,,,,,0.00,0.00,0,0,,,,,,,,,,,,,,,,,,,,,,,,,,,,,,,,,,,,,,
Unknown Method,"invalidate",,,,,,0.00,0.00,0,0,,,,,,,,,,,,,,,,,,,,,,,,,,,,,,,,,,,,,,
Unknown Method,"isDirectory",,,,,,0.00,0.00,0,0,,,,,,,,,,,,,,,,,,,,,,,,,,,,,,,,,,,,,,
Unknown Method,"isEmpty",,,,,,0.00,0.00,0,0,,,,,,,,,,,,,,,,,,,,,,,,,,,,,,,,,,,,,,
Unknown Method,"isHidden",,,,,,0.00,0.00,0,0,,,,,,,,,,,,,,,,,,,,,,,,,,,,,,,,,,,,,,
Unknown Method,"length",,,,,,0.00,0.00,0,0,,,,,,,,,,,,,,,,,,,,,,,,,,,,,,,,,,,,,,
Unknown Method,"listFiles",,,,,,0.00,0.00,0,0,,,,,,,,,,,,,,,,,,,,,,,,,,,,,,,,,,,,,,
Unknown Method,"load",,,,,,0.00,0.00,0,0,,,,,,,,,,,,,,,,,,,,,,,,,,,,,,,,,,,,,,
Unknown Method,"next",,,,,,0.00,0.00,0,0,,,,,,,,,,,,,,,,,,,,,,,,,,,,,,,,,,,,,,
Unknown Method,"nextBoolean",,,,,,0.00,0.00,0,0,,,,,,,,,,,,,,,,,,,,,,,,,,,,,,,,,,,,,,
Unknown Method,"nextInt",,,,,,0.00,0.00,0,0,,,,,,,,,,,,,,,,,,,,,,,,,,,,,,,,,,,,,,
Unknown Method,"open",,,,,,0.00,0.00,0,0,,,,,,,,,,,,,,,,,,,,,,,,,,,,,,,,,,,,,,
Unknown Method,"parseInt",,,,,,0.00,0.00,0,0,,,,,,,,,,,,,,,,,,,,,,,,,,,,,,,,,,,,,,
Unknown Method,"prepareStatement",,,,,,0.00,0.00,0,0,,,,,,,,,,,,,,,,,,,,,,,,,,,,,,,,,,,,,,
Unknown Method,"printStackTrace",,,,,,0.00,0.00,0,0,,,,,,,,,,,,,,,,,,,,,,,,,,,,,,,,,,,,,,
Unknown Method,"println",,,,,,0.00,0.00,0,0,,,,,,,,,,,,,,,,,,,,,,,,,,,,,,,,,,,,,,
Unknown Method,"read",,,,,,0.00,0.00,0,0,,,,,,,,,,,,,,,,,,,,,,,,,,,,,,,,,,,,,,
Unknown Method,"removeAttribute",,,,,,0.00,0.00,0,0,,,,,,,,,,,,,,,,,,,,,,,,,,,,,,,,,,,,,,
Unknown Method,"sendRedirect",,,,,,0.00,0.00,0,0,,,,,,,,,,,,,,,,,,,,,,,,,,,,,,,,,,,,,,
Unknown Method,"setAlignment",,,,,,0.00,0.00,0,0,,,,,,,,,,,,,,,,,,,,,,,,,,,,,,,,,,,,,,
Unknown Method,"setAttribute",,,,,,0.00,0.00,0,0,,,,,,,,,,,,,,,,,,,,,,,,,,,,,,,,,,,,,,
Unknown Method,"setContentType",,,,,,0.00,0.00,0,0,,,,,,,,,,,,,,,,,,,,,,,,,,,,,,,,,,,,,,
Unknown Method,"setDate",,,,,,0.00,0.00,0,0,,,,,,,,,,,,,,,,,,,,,,,,,,,,,,,,,,,,,,
Unknown Method,"setDouble",,,,,,0.00,0.00,0,0,,,,,,,,,,,,,,,,,,,,,,,,,,,,,,,,,,,,,,
Unknown Method,"setDriverClass",,,,,,0.00,0.00,0,0,,,,,,,,,,,,,,,,,,,,,,,,,,,,,,,,,,,,,,
Unknown Method,"setInt",,,,,,0.00,0.00,0,0,,,,,,,,,,,,,,,,,,,,,,,,,,,,,,,,,,,,,,
Unknown Method,"setJdbcUrl",,,,,,0.00,0.00,0,0,,,,,,,,,,,,,,,,,,,,,,,,,,,,,,,,,,,,,,
Unknown Method,"setMonth",,,,,,0.00,0.00,0,0,,,,,,,,,,,,,,,,,,,,,,,,,,,,,,,,,,,,,,
Unknown Method,"setNull",,,,,,0.00,0.00,0,0,,,,,,,,,,,,,,,,,,,,,,,,,,,,,,,,,,,,,,
Unknown Method,"setPassword",,,,,,0.00,0.00,0,0,,,,,,,,,,,,,,,,,,,,,,,,,,,,,,,,,,,,,,
Unknown Method,"setString",,,,,,0.00,0.00,0,0,,,,,,,,,,,,,,,,,,,,,,,,,,,,,,,,,,,,,,
Unknown Method,"setUser",,,,,,0.00,0.00,0,0,,,,,,,,,,,,,,,,,,,,,,,,,,,,,,,,,,,,,,
Unknown Method,"setWidthPercentage",,,,,,0.00,0.00,0,0,,,,,,,,,,,,,,,,,,,,,,,,,,,,,,,,,,,,,,
Unknown Method,"setYear",,,,,,0.00,0.00,0,0,,,,,,,,,,,,,,,,,,,,,,,,,,,,,,,,,,,,,,
Unknown Method,"size",,,,,,0.00,0.00,0,0,,,,,,,,,,,,,,,,,,,,,,,,,,,,,,,,,,,,,,
Unknown Method,"split",,,,,,0.00,0.00,0,0,,,,,,,,,,,,,,,,,,,,,,,,,,,,,,,,,,,,,,
Unknown Method,"toString",,,,,,0.00,0.00,0,0,,,,,,,,,,,,,,,,,,,,,,,,,,,,,,,,,,,,,,
Unknown Method,"toUpperCase",,,,,,0.00,0.00,0,0,,,,,,,,,,,,,,,,,,,,,,,,,,,,,,,,,,,,,,
Unknown Method,"valueOf",,,,,,0.00,0.00,0,0,,,,,,,,,,,,,,,,,,,,,,,,,,,,,,,,,,,,,,
Unknown Method,"write",,,,,,0.00,0.00,0,0,,,,,,,,,,,,,,,,,,,,,,,,,,,,,,,,,,,,,,
